code,code_type,description,category,common_appeal_argument
1,CARC,Deductible Amount,,
2,CARC,Coinsurance Amount,,
3,CARC,Co-payment Amount,,
4,CARC,"The procedure code is inconsistent with the modifier used. Usage: Refer to the 835 Healthcare Policy Identification Segment (loop 2110 Service Payment Information REF), if present.",,
5,CARC,"The procedure code/type of bill is inconsistent with the place of service. Usage: Refer to the 835 Healthcare Policy Identification Segment (loop 2110 Service Payment Information REF), if present.",,
6,CARC,"The procedure/revenue code is inconsistent with the patient's age. Usage: Refer to the 835 Healthcare Policy Identification Segment (loop 2110 Service Payment Information REF), if present.",,
7,CARC,"The procedure/revenue code is inconsistent with the patient's gender. Usage: Refer to the 835 Healthcare Policy Identification Segment (loop 2110 Service Payment Information REF), if present.",,
8,CARC,"The procedure code is inconsistent with the provider type/specialty (taxonomy). Usage: Refer to the 835 Healthcare Policy Identification Segment (loop 2110 Service Payment Information REF), if present.",,
9,CARC,"The diagnosis is inconsistent with the patient's age. Usage: Refer to the 835 Healthcare Policy Identification Segment (loop 2110 Service Payment Information REF), if present.",,
10,CARC,"The diagnosis is inconsistent with the patient's gender. Usage: Refer to the 835 Healthcare Policy Identification Segment (loop 2110 Service Payment Information REF), if present.",,
11,CARC,"The diagnosis is inconsistent with the procedure. Usage: Refer to the 835 Healthcare Policy Identification Segment (loop 2110 Service Payment Information REF), if present.",,
12,CARC,"The diagnosis is inconsistent with the provider type. Usage: Refer to the 835 Healthcare Policy Identification Segment (loop 2110 Service Payment Information REF), if present.",,
13,CARC,The date of death precedes the date of service.,,
14,CARC,The date of birth follows the date of service.,,
15,CARC,"The authorization number is missing, invalid, or does not apply to the billed services or provider.",,
16,CARC,"Claim/service lacks information or has submission/billing error(s). Usage: Do not use this code for claims attachment(s)/other documentation. At least one Remark Code must be provided (may be comprised of either the NCPDP Reject Reason Code, or Remittance Advice Remark Code that is not an ALERT.) Refer to the 835 Healthcare Policy Identification Segment (loop 2110 Service Payment Information REF), if present.",,
17,CARC,Requested information was not provided or was insufficient/incomplete. At least one Remark Code must be provided (may be comprised of either the Remittance Advice Remark Code or NCPDP Reject Reason Code.),,
18,CARC,Exact duplicate claim/service (Use only with Group Code OA except where state workers' compensation regulations requires CO),,
19,CARC,This is a work-related injury/illness and thus the liability of the Worker's Compensation Carrier.,,
20,CARC,This injury/illness is covered by the liability carrier.,,
21,CARC,This injury/illness is the liability of the no-fault carrier.,,
22,CARC,This care may be covered by another payer per coordination of benefits.,,
23,CARC,The impact of prior payer(s) adjudication including payments and/or adjustments. (Use only with Group Code OA),,
24,CARC,Charges are covered under a capitation agreement/managed care plan.,,
25,CARC,Payment denied. Your Stop loss deductible has not been met.,,
26,CARC,Expenses incurred prior to coverage.,,
27,CARC,Expenses incurred after coverage terminated.,,
28,CARC,Coverage not in effect at the time the service was provided.,,
29,CARC,The time limit for filing has expired.,,
30,CARC,"Payment adjusted because the patient has not met the required eligibility, spend down, waiting, or residency requirements.",,
31,CARC,Patient cannot be identified as our insured.,,
32,CARC,Our records indicate the patient is not an eligible dependent.,,
33,CARC,Insured has no dependent coverage.,,
34,CARC,Insured has no coverage for newborns.,,
35,CARC,Lifetime benefit maximum has been reached.,,
36,CARC,Balance does not exceed co-payment amount.,,
37,CARC,Balance does not exceed deductible.,,
38,CARC,Services not provided or authorized by designated (network/primary care) providers.,,
39,CARC,Services denied at the time authorization/pre-certification was requested.,,
40,CARC,"Charges do not meet qualifications for emergent/urgent care. Usage: Refer to the 835 Healthcare Policy Identification Segment (loop 2110 Service Payment Information REF), if present.",,
41,CARC,Discount agreed to in Preferred Provider contract.,,
42,CARC,Charges exceed our fee schedule or maximum allowable amount. (Use CARC 45),,
43,CARC,Gramm-Rudman reduction.,,
44,CARC,Prompt-pay discount.,,
45,CARC,Charge exceeds fee schedule/maximum allowable or contracted/legislated fee arrangement. Usage: This adjustment amount cannot equal the total service or claim charge amount; and must not duplicate provider adjustment amounts (payments and contractual reductions) that have resulted from prior payer(s) adjudication. (Use only with Group Codes PR or CO depending upon liability),,
46,CARC,This (these) service(s) is (are) not covered.,,
47,CARC,"This (these) diagnosis(es) is (are) not covered, missing, or are invalid.",,
48,CARC,This (these) procedure(s) is (are) not covered.,,
49,CARC,"This is a non-covered service because it is a routine/preventive exam or a diagnostic/screening procedure done in conjunction with a routine/preventive exam. Usage: Refer to the 835 Healthcare Policy Identification Segment (loop 2110 Service Payment Information REF), if present.",,
50,CARC,"These are non-covered services because this is not deemed a 'medical necessity' by the payer. Usage: Refer to the 835 Healthcare Policy Identification Segment (loop 2110 Service Payment Information REF), if present.",,
51,CARC,"These are non-covered services because this is a pre-existing condition. Usage: Refer to the 835 Healthcare Policy Identification Segment (loop 2110 Service Payment Information REF), if present.",,
52,CARC,The referring/prescribing/rendering provider is not eligible to refer/prescribe/order/perform the service billed.,,
53,CARC,Services by an immediate relative or a member of the same household are not covered.,,
54,CARC,"Multiple physicians/assistants are not covered in this case. Usage: Refer to the 835 Healthcare Policy Identification Segment (loop 2110 Service Payment Information REF), if present.",,
55,CARC,"Procedure/treatment/drug is deemed experimental/investigational by the payer. Usage: Refer to the 835 Healthcare Policy Identification Segment (loop 2110 Service Payment Information REF), if present.",,
56,CARC,"Procedure/treatment has not been deemed 'proven to be effective' by the payer. Usage: Refer to the 835 Healthcare Policy Identification Segment (loop 2110 Service Payment Information REF), if present.",,
57,CARC,"Payment denied/reduced because the payer deems the information submitted does not support this level of service, this many services, this length of service, this dosage, or this day's supply.",,
58,CARC,"Treatment was deemed by the payer to have been rendered in an inappropriate or invalid place of service. Usage: Refer to the 835 Healthcare Policy Identification Segment (loop 2110 Service Payment Information REF), if present.",,
59,CARC,"Processed based on multiple or concurrent procedure rules. (For example multiple surgery or diagnostic imaging, concurrent anesthesia.) Usage: Refer to the 835 Healthcare Policy Identification Segment (loop 2110 Service Payment Information REF), if present.",,
60,CARC,Charges for outpatient services are not covered when performed within a period of time prior to or after inpatient services.,,
61,CARC,Adjusted for failure to obtain second surgical opinion,,
62,CARC,"Payment denied/reduced for absence of, or exceeded, pre-certification/authorization.",,
63,CARC,Correction to a prior claim.,,
64,CARC,Denial reversed per Medical Review.,,
65,CARC,Procedure code was incorrect. This payment reflects the correct code.,,
66,CARC,Blood Deductible.,,
67,CARC,"Lifetime reserve days. (Handled in QTY, QTY01=LA)",,
68,CARC,DRG weight. (Handled in CLP12),,
69,CARC,Day outlier amount.,,
70,CARC,Cost outlier - Adjustment to compensate for additional costs.,,
71,CARC,Primary Payer amount.,,
72,CARC,"Coinsurance day. (Handled in QTY, QTY01=CD)",,
73,CARC,Administrative days.,,
74,CARC,Indirect Medical Education Adjustment.,,
75,CARC,Direct Medical Education Adjustment.,,
76,CARC,Disproportionate Share Adjustment.,,
77,CARC,"Covered days. (Handled in QTY, QTY01=CA)",,
78,CARC,Non-Covered days/Room charge adjustment.,,
79,CARC,Cost Report days. (Handled in MIA15),,
80,CARC,"Outlier days. (Handled in QTY, QTY01=OU)",,
81,CARC,Discharges.,,
82,CARC,PIP days.,,
83,CARC,Total visits.,,
84,CARC,Capital Adjustment. (Handled in MIA),,
85,CARC,Patient Interest Adjustment (Use Only Group code PR),,
86,CARC,Statutory Adjustment.,,
87,CARC,Transfer amount.,,
88,CARC,Adjustment amount represents collection against receivable created in prior overpayment.,,
89,CARC,Professional fees removed from charges.,,
90,CARC,Ingredient cost adjustment. Usage: To be used for pharmaceuticals only.,,
91,CARC,Dispensing fee adjustment.,,
92,CARC,Claim Paid in full.,,
93,CARC,No Claim level Adjustments.,,
94,CARC,Processed in Excess of charges.,,
95,CARC,Plan procedures not followed.,,
96,CARC,"Non-covered charge(s). At least one Remark Code must be provided (may be comprised of either the NCPDP Reject Reason Code, or Remittance Advice Remark Code that is not an ALERT.) Usage: Refer to the 835 Healthcare Policy Identification Segment (loop 2110 Service Payment Information REF), if present.",,
97,CARC,"The benefit for this service is included in the payment/allowance for another service/procedure that has already been adjudicated. Usage: Refer to the 835 Healthcare Policy Identification Segment (loop 2110 Service Payment Information REF), if present.",,
98,CARC,The hospital must file the Medicare claim for this inpatient non-physician service.,,
99,CARC,Medicare Secondary Payer Adjustment Amount.,,
100,CARC,Payment made to patient/insured/responsible party.,,
101,CARC,Predetermination: anticipated payment upon completion of services or claim adjudication.,,
102,CARC,Major Medical Adjustment.,,
103,CARC,"Provider promotional discount (e.g., Senior citizen discount).",,
104,CARC,Managed care withholding.,,
105,CARC,Tax withholding.,,
106,CARC,Patient payment option/election not in effect.,,
107,CARC,"The related or qualifying claim/service was not identified on this claim. Usage: Refer to the 835 Healthcare Policy Identification Segment (loop 2110 Service Payment Information REF), if present.",,
108,CARC,"Rent/purchase guidelines were not met. Usage: Refer to the 835 Healthcare Policy Identification Segment (loop 2110 Service Payment Information REF), if present.",,
109,CARC,Claim/service not covered by this payer/contractor. You must send the claim/service to the correct payer/contractor.,,
110,CARC,Billing date predates service date.,,
111,CARC,Not covered unless the provider accepts assignment.,,
112,CARC,Service not furnished directly to the patient and/or not documented.,,
113,CARC,Payment denied because service/procedure was provided outside the United States or as a result of war.,,
114,CARC,Procedure/product not approved by the Food and Drug Administration.,,
115,CARC,"Procedure postponed, canceled, or delayed.",,
116,CARC,The advance indemnification notice signed by the patient did not comply with requirements.,,
117,CARC,Transportation is only covered to the closest facility that can provide the necessary care.,,
118,CARC,ESRD network support adjustment.,,
119,CARC,Benefit maximum for this time period or occurrence has been reached.,,
120,CARC,Patient is covered by a managed care plan.,,
121,CARC,Indemnification adjustment - compensation for outstanding member responsibility.,,
122,CARC,Psychiatric reduction.,,
123,CARC,Payer refund due to overpayment.,,
124,CARC,Payer refund amount - not our patient.,,
125,CARC,"Submission/billing error(s). At least one Remark Code must be provided (may be comprised of either the NCPDP Reject Reason Code, or Remittance Advice Remark Code that is not an ALERT.)",,
126,CARC,Deductible -- Major Medical,,
127,CARC,Coinsurance -- Major Medical,,
128,CARC,Newborn's services are covered in the mother's Allowance.,,
129,CARC,"Prior processing information appears incorrect. At least one Remark Code must be provided (may be comprised of either the NCPDP Reject Reason Code, or Remittance Advice Remark Code that is not an ALERT.)",,
130,CARC,Claim submission fee.,,
131,CARC,Claim specific negotiated discount.,,
132,CARC,Prearranged demonstration project adjustment.,,
133,CARC,The disposition of this service line is pending further review. (Use only with Group Code OA). Usage: Use of this code requires a reversal and correction when the service line is finalized (use only in Loop 2110 CAS segment of the 835 or Loop 2430 of the 837).,,
134,CARC,Technical fees removed from charges.,,
135,CARC,Interim bills cannot be processed.,,
136,CARC,Failure to follow prior payer's coverage rules. (Use only with Group Code OA),,
137,CARC,"Regulatory Surcharges, Assessments, Allowances or Health Related Taxes.",,
138,CARC,Appeal procedures not followed or time limits not met.,,
139,CARC,Contracted funding agreement - Subscriber is employed by the provider of services. Use only with Group Code CO.,,
140,CARC,Patient/Insured health identification number and name do not match.,,
141,CARC,Claim spans eligible and ineligible periods of coverage.,,
142,CARC,Monthly Medicaid patient liability amount.,,
143,CARC,Portion of payment deferred.,,
144,CARC,"Incentive adjustment, e.g. preferred product/service.",,
145,CARC,Premium payment withholding,,
146,CARC,Diagnosis was invalid for the date(s) of service reported.,,
147,CARC,Provider contracted/negotiated rate expired or not on file.,,
148,CARC,"Information from another provider was not provided or was insufficient/incomplete. At least one Remark Code must be provided (may be comprised of either the NCPDP Reject Reason Code, or Remittance Advice Remark Code that is not an ALERT.)",,
149,CARC,Lifetime benefit maximum has been reached for this service/benefit category.,,
150,CARC,Payer deems the information submitted does not support this level of service.,,
151,CARC,Payment adjusted because the payer deems the information submitted does not support this many/frequency of services.,,
152,CARC,"Payer deems the information submitted does not support this length of service. Usage: Refer to the 835 Healthcare Policy Identification Segment (loop 2110 Service Payment Information REF), if present.",,
153,CARC,Payer deems the information submitted does not support this dosage.,,
154,CARC,Payer deems the information submitted does not support this day's supply.,,
155,CARC,Patient refused the service/procedure.,,
156,CARC,Flexible spending account payments. Note: Use code 187.,,
157,CARC,Service/procedure was provided as a result of an act of war.,,
158,CARC,Service/procedure was provided outside of the United States.,,
159,CARC,Service/procedure was provided as a result of terrorism.,,
160,CARC,Injury/illness was the result of an activity that is a benefit exclusion.,,
161,CARC,Provider performance bonus,,
162,CARC,"State-mandated Requirement for Property and Casualty, see Claim Payment Remarks Code for specific explanation.",,
163,CARC,Attachment/other documentation referenced on the claim was not received.,,
164,CARC,Attachment/other documentation referenced on the claim was not received in a timely fashion.,,
165,CARC,Referral absent or exceeded.,,
166,CARC,These services were submitted after this payers responsibility for processing claims under this plan ended.,,
167,CARC,"This (these) diagnosis(es) is (are) not covered. Usage: Refer to the 835 Healthcare Policy Identification Segment (loop 2110 Service Payment Information REF), if present.",,
168,CARC,Service(s) have been considered under the patient's medical plan. Benefits are not available under this dental plan.,,
169,CARC,Alternate benefit has been provided.,,
170,CARC,"Payment is denied when performed/billed by this type of provider. Usage: Refer to the 835 Healthcare Policy Identification Segment (loop 2110 Service Payment Information REF), if present.",,
171,CARC,"Payment is denied when performed/billed by this type of provider in this type of facility. Usage: Refer to the 835 Healthcare Policy Identification Segment (loop 2110 Service Payment Information REF), if present.",,
172,CARC,"Payment is adjusted when performed/billed by a provider of this specialty. Usage: Refer to the 835 Healthcare Policy Identification Segment (loop 2110 Service Payment Information REF), if present.",,
173,CARC,Service/equipment was not prescribed by a physician.,,
174,CARC,Service was not prescribed prior to delivery.,,
175,CARC,Prescription is incomplete.,,
176,CARC,Prescription is not current.,,
177,CARC,Patient has not met the required eligibility requirements.,,
178,CARC,Patient has not met the required spend down requirements.,,
179,CARC,"Patient has not met the required waiting requirements. Usage: Refer to the 835 Healthcare Policy Identification Segment (loop 2110 Service Payment Information REF), if present.",,
180,CARC,Patient has not met the required residency requirements.,,
181,CARC,Procedure code was invalid on the date of service.,,
182,CARC,Procedure modifier was invalid on the date of service.,,
183,CARC,"The referring provider is not eligible to refer the service billed. Usage: Refer to the 835 Healthcare Policy Identification Segment (loop 2110 Service Payment Information REF), if present.",,
184,CARC,"The prescribing/ordering provider is not eligible to prescribe/order the service billed. Usage: Refer to the 835 Healthcare Policy Identification Segment (loop 2110 Service Payment Information REF), if present.",,
185,CARC,"The rendering provider is not eligible to perform the service billed. Usage: Refer to the 835 Healthcare Policy Identification Segment (loop 2110 Service Payment Information REF), if present.",,
186,CARC,Level of care change adjustment.,,
187,CARC,"Consumer Spending Account payments (includes but is not limited to Flexible Spending Account, Health Savings Account, Health Reimbursement Account, etc.)",,
188,CARC,This product/procedure is only covered when used according to FDA recommendations.,,
189,CARC,'Not otherwise classified' or 'unlisted' procedure code (CPT/HCPCS) was billed when there is a specific procedure code for this procedure/service,,
190,CARC,Payment is included in the allowance for a Skilled Nursing Facility (SNF) qualified stay.,,
191,CARC,"Not a work related injury/illness and thus not the liability of the workers' compensation carrier Note: If adjustment is at the Claim Level, the payer must send and the provider should refer to the 835 Insurance Policy Number Segment (Loop 2100 Other Claim Related Information REF qualifier 'IG') for the jurisdictional regulation. If adjustment is at the Line Level, the payer must send and the provider should refer to the 835 Healthcare Policy Identification Segment (loop 2110 Service Payment information REF)",,
192,CARC,"Non standard adjustment code from paper remittance. Usage: This code is to be used by providers/payers providing Coordination of Benefits information to another payer in the 837 transaction only. This code is only used when the non-standard code cannot be reasonably mapped to an existing Claims Adjustment Reason Code, specifically Deductible, Coinsurance and Co-payment.",,
193,CARC,"Original payment decision is being maintained. Upon review, it was determined that this claim was processed properly.",,
194,CARC,"Anesthesia performed by the operating physician, the assistant surgeon or the attending physician.",,
195,CARC,Refund issued to an erroneous priority payer for this claim/service.,,
196,CARC,Claim/service denied based on prior payer's coverage determination.,,
197,CARC,Precertification/authorization/notification/pre-treatment absent.,,
198,CARC,Precertification/notification/authorization/pre-treatment exceeded.,,
199,CARC,Revenue code and Procedure code do not match.,,
200,CARC,Expenses incurred during lapse in coverage,,
201,CARC,"Patient is responsible for amount of this claim/service through 'set aside arrangement' or other agreement. (Use only with Group Code PR) At least one Remark Code must be provided (may be comprised of either the NCPDP Reject Reason Code, or Remittance Advice Remark Code that is not an ALERT.)",,
202,CARC,Non-covered personal comfort or convenience services.,,
203,CARC,Discontinued or reduced service.,,
204,CARC,This service/equipment/drug is not covered under the patient's current benefit plan,,
205,CARC,Pharmacy discount card processing fee,,
206,CARC,National Provider Identifier - missing.,,
207,CARC,National Provider identifier - Invalid format,,
208,CARC,National Provider Identifier - Not matched.,,
209,CARC,"Per regulatory or other agreement. The provider cannot collect this amount from the patient. However, this amount may be billed to subsequent payer. Refund to patient if collected. (Use only with Group code OA)",,
210,CARC,Payment adjusted because pre-certification/authorization not received in a timely fashion,,
211,CARC,"National Drug Codes (NDC) not eligible for rebate, are not covered.",,
212,CARC,Administrative surcharges are not covered,,
213,CARC,Non-compliance with the physician self referral prohibition legislation or payer policy.,,
214,CARC,"Workers' Compensation claim adjudicated as non-compensable. This Payer not liable for claim or service/treatment. Note: If adjustment is at the Claim Level, the payer must send and the provider should refer to the 835 Insurance Policy Number Segment (Loop 2100 Other Claim Related Information REF qualifier 'IG') for the jurisdictional regulation. If adjustment is at the Line Level, the payer must send and the provider should refer to the 835 Healthcare Policy Identification Segment (loop 2110 Service Payment information REF). To be used for Workers' Compensation only",,
215,CARC,Based on subrogation of a third party settlement,,
216,CARC,Based on the findings of a review organization or the payer's findings.,,
217,CARC,Based on payer reasonable and customary fees. No maximum allowable defined by legislated fee arrangement. (Note: To be used for Property and Casualty only),,
218,CARC,"Based on entitlement to benefits. Note: If adjustment is at the Claim Level, the payer must send and the provider should refer to the 835 Insurance Policy Number Segment (Loop 2100 Other Claim Related Information REF qualifier 'IG') for the jurisdictional regulation. If adjustment is at the Line Level, the payer must send and the provider should refer to the 835 Healthcare Policy Identification Segment (loop 2110 Service Payment information REF). To be used for Workers' Compensation only",,
219,CARC,"Based on extent of injury. Usage: If adjustment is at the Claim Level, the payer must send and the provider should refer to the 835 Insurance Policy Number Segment (Loop 2100 Other Claim Related Information REF qualifier 'IG') for the jurisdictional regulation. If adjustment is at the Line Level, the payer must send and the provider should refer to the 835 Healthcare Policy Identification Segment (loop 2110 Service Payment information REF).",,
220,CARC,The applicable fee schedule/fee database does not contain the billed code. Please resubmit a bill with the appropriate fee schedule/fee database code(s) that best describe the service(s) provided and supporting documentation if required. (Note: To be used for Property and Casualty only),,
221,CARC,"Claim is under investigation. Note: If adjustment is at the Claim Level, the payer must send and the provider should refer to the 835 Insurance Policy Number Segment (Loop 2100 Other Claim Related Information REF qualifier 'IG') for the jurisdictional regulation. If adjustment is at the Line Level, the payer must send and the provider should refer to the 835 Healthcare Policy Identification Segment (loop 2110 Service Payment information REF). (Note: To be used by Property & Casualty only)",,
222,CARC,"Exceeds the contracted maximum number of hours/days/units by this provider for this period. This is not patient specific. Usage: Refer to the 835 Healthcare Policy Identification Segment (loop 2110 Service Payment Information REF), if present.",,
223,CARC,"Adjustment code for mandated federal, state or local law/regulation that is not already covered by another code and is mandated before a new code can be created.",,
224,CARC,Patient identification compromised by identity theft. Identity verification required for processing this and future claims.,,
225,CARC,Penalty or Interest Payment by Payer (Only used for plan to plan encounter reporting within the 837),,
226,CARC,"Information requested from the Billing/Rendering Provider was not provided or not provided timely or was insufficient/incomplete. At least one Remark Code must be provided (may be comprised of either the NCPDP Reject Reason Code, or Remittance Advice Remark Code that is not an ALERT.)",,
227,CARC,"Information requested from the patient/insured/responsible party was not provided or was insufficient/incomplete. At least one Remark Code must be provided (may be comprised of either the NCPDP Reject Reason Code, or Remittance Advice Remark Code that is not an ALERT.)",,
228,CARC,"Denied for failure of this provider, another provider or the subscriber to supply requested information to a previous payer for their adjudication",,
229,CARC,Partial charge amount not considered by Medicare due to the initial claim Type of Bill being 12X. Usage: This code can only be used in the 837 transaction to convey Coordination of Benefits information when the secondary payer's cost avoidance policy allows providers to bypass claim submission to a prior payer. (Use only with Group Code PR),,
230,CARC,No available or correlating CPT/HCPCS code to describe this service. Note: Used only by Property and Casualty.,,
231,CARC,"Mutually exclusive procedures cannot be done in the same day/setting. Usage: Refer to the 835 Healthcare Policy Identification Segment (loop 2110 Service Payment Information REF), if present.",,
232,CARC,Institutional Transfer Amount. Usage: Applies to institutional claims only and explains the DRG amount difference when the patient care crosses multiple institutions.,,
233,CARC,Services/charges related to the treatment of a hospital-acquired condition or preventable medical error.,,
234,CARC,"This procedure is not paid separately. At least one Remark Code must be provided (may be comprised of either the NCPDP Reject Reason Code, or Remittance Advice Remark Code that is not an ALERT.)",,
235,CARC,Sales Tax,,
236,CARC,This procedure or procedure/modifier combination is not compatible with another procedure or procedure/modifier combination provided on the same day according to the National Correct Coding Initiative or workers compensation state regulations/ fee schedule requirements.,,
237,CARC,"Legislated/Regulatory Penalty. At least one Remark Code must be provided (may be comprised of either the NCPDP Reject Reason Code, or Remittance Advice Remark Code that is not an ALERT.)",,
238,CARC,"Claim spans eligible and ineligible periods of coverage, this is the reduction for the ineligible period. (Use only with Group Code PR)",,
239,CARC,Claim spans eligible and ineligible periods of coverage. Rebill separate claims.,,
240,CARC,"The diagnosis is inconsistent with the patient's birth weight. Usage: Refer to the 835 Healthcare Policy Identification Segment (loop 2110 Service Payment Information REF), if present.",,
241,CARC,Low Income Subsidy (LIS) Co-payment Amount,,
242,CARC,Services not provided by network/primary care providers.,,
243,CARC,Services not authorized by network/primary care providers.,,
244,CARC,Payment reduced to zero due to litigation. Additional information will be sent following the conclusion of litigation. To be used for Property & Casualty only.,,
245,CARC,Provider performance program withhold.,,
246,CARC,This non-payable code is for required reporting only.,,
247,CARC,Deductible for Professional service rendered in an Institutional setting and billed on an Institutional claim.,,
248,CARC,Coinsurance for Professional service rendered in an Institutional setting and billed on an Institutional claim.,,
249,CARC,This claim has been identified as a readmission. (Use only with Group Code CO),,
250,CARC,"The attachment/other documentation that was received was the incorrect attachment/document. The expected attachment/document is still missing. At least one Remark Code must be provided (may be comprised of either the NCPDP Reject Reason Code, or Remittance Advice Remark Code that is not an ALERT).",,
251,CARC,"The attachment/other documentation that was received was incomplete or deficient. The necessary information is still needed to process the claim. At least one Remark Code must be provided (may be comprised of either the NCPDP Reject Reason Code, or Remittance Advice Remark Code that is not an ALERT).",,
252,CARC,"An attachment/other documentation is required to adjudicate this claim/service. At least one Remark Code must be provided (may be comprised of either the NCPDP Reject Reason Code, or Remittance Advice Remark Code that is not an ALERT).",,
253,CARC,Sequestration - reduction in federal payment,,
254,CARC,"Claim received by the dental plan, but benefits not available under this plan. Submit these services to the patient's medical plan for further consideration.",,
255,CARC,The disposition of the related Property & Casualty claim (injury or illness) is pending due to litigation. (Use only with Group Code OA),,
256,CARC,Service not payable per managed care contract.,,
257,CARC,"The disposition of the claim/service is undetermined during the premium payment grace period, per Health Insurance Exchange requirements. This claim/service will be reversed and corrected when the grace period ends (due to premium payment or lack of premium payment). (Use only with Group Code OA)",,
258,CARC,"Claim/service not covered when patient is in custody/incarcerated. Applicable federal, state or local authority may cover the claim/service.",,
259,CARC,Additional payment for Dental/Vision service utilization.,,
260,CARC,Processed under Medicaid ACA Enhanced Fee Schedule,,
261,CARC,The procedure or service is inconsistent with the patient's history.,,
262,CARC,Adjustment for delivery cost. Usage: To be used for pharmaceuticals only.,,
263,CARC,Adjustment for shipping cost. Usage: To be used for pharmaceuticals only.,,
264,CARC,Adjustment for postage cost. Usage: To be used for pharmaceuticals only.,,
265,CARC,Adjustment for administrative cost. Usage: To be used for pharmaceuticals only.,,
266,CARC,Adjustment for compound preparation cost. Usage: To be used for pharmaceuticals only.,,
267,CARC,"Claim/service spans multiple months. At least one Remark Code must be provided (may be comprised of either the NCPDP Reject Reason Code, or Remittance Advice Remark Code that is not an ALERT.)",,
268,CARC,The Claim spans two calendar years. Please resubmit one claim per calendar year.,,
269,CARC,"Anesthesia not covered for this service/procedure. Usage: Refer to the 835 Healthcare Policy Identification Segment (loop 2110 Service Payment Information REF), if present.",,
270,CARC,"Claim received by the medical plan, but benefits not available under this plan. Submit these services to the patient's dental plan for further consideration.",,
271,CARC,Prior contractual reductions related to a current periodic payment as part of a contractual payment schedule when deferred amounts have been previously reported. (Use only with Group Code OA),,
272,CARC,Coverage/program guidelines were not met.,,
273,CARC,Coverage/program guidelines were exceeded.,,
274,CARC,Fee/Service not payable per patient Care Coordination arrangement.,,
275,CARC,"Prior payer's (or payers') patient responsibility (deductible, coinsurance, co-payment) not covered. (Use only with Group Code PR)",,
276,CARC,Services denied by the prior payer(s) are not covered by this payer.,,
277,CARC,"The disposition of the claim/service is undetermined during the premium payment grace period, per Health Insurance SHOP Exchange requirements. This claim/service will be reversed and corrected when the grace period ends (due to premium payment or lack of premium payment). (Use only with Group Code OA)",,
278,CARC,"Performance program proficiency requirements not met. (Use only with Group Codes CO or PI) Usage: Refer to the 835 Healthcare Policy Identification Segment (loop 2110 Service Payment Information REF), if present.",,
279,CARC,"Services not provided by Preferred network providers. Usage: Use this code when there are member network limitations. For example, using contracted providers not in the member's 'narrow' network.",,
280,CARC,"Claim received by the medical plan, but benefits not available under this plan. Submit these services to the patient's Pharmacy plan for further consideration.",,
281,CARC,Deductible waived per contractual agreement. Use only with Group Code CO.,,
282,CARC,"The procedure/revenue code is inconsistent with the type of bill. Usage: Refer to the 835 Healthcare Policy Identification Segment (loop 2110 Service Payment Information REF), if present.",,
283,CARC,Attending provider is not eligible to provide direction of care.,,
284,CARC,Precertification/authorization/notification/pre-treatment number may be valid but does not apply to the billed services.,,
285,CARC,Appeal procedures not followed,,
286,CARC,Appeal time limits not met,,
287,CARC,Referral exceeded,,
288,CARC,Referral absent,,
289,CARC,"Services considered under the dental and medical plans, benefits not available.",,
290,CARC,"Claim received by the dental plan, but benefits not available under this plan. Claim has been forwarded to the patient's medical plan for further consideration.",,
291,CARC,"Claim received by the medical plan, but benefits not available under this plan. Claim has been forwarded to the patient's dental plan for further consideration.",,
292,CARC,"Claim received by the medical plan, but benefits not available under this plan. Claim has been forwarded to the patient's pharmacy plan for further consideration.",,
293,CARC,Payment made to employer.,,
294,CARC,Payment made to attorney.,,
295,CARC,Pharmacy Direct/Indirect Remuneration (DIR),,
296,CARC,Precertification/authorization/notification/pre-treatment number may be valid but does not apply to the provider.,,
297,CARC,"Claim received by the medical plan, but benefits not available under this plan. Submit these services to the patient's vision plan for further consideration.",,
298,CARC,"Claim received by the medical plan, but benefits not available under this plan. Claim has been forwarded to the patient's vision plan for further consideration.",,
299,CARC,The billing provider is not eligible to receive payment for the service billed.,,
300,CARC,"Claim received by the Medical Plan, but benefits not available under this plan. Claim has been forwarded to the patient's Behavioral Health Plan for further consideration.",,
301,CARC,"Claim received by the Medical Plan, but benefits not available under this plan. Submit these services to the patient's Behavioral Health Plan for further consideration.",,
302,CARC,Precertification/notification/authorization/pre-treatment time limit has expired.,,
303,CARC,"Prior payer's (or payers') patient responsibility (deductible, coinsurance, co-payment) not covered for Qualified Medicare and Medicaid Beneficiaries. (Use only with Group Code CO)",,
304,CARC,"Claim received by the medical plan, but benefits not available under this plan. Submit these services to the patient's hearing plan for further consideration.",,
305,CARC,"Claim received by the medical plan, but benefits not available under this plan. Claim has been forwarded to the patient's hearing plan for further consideration.",,
306,CARC,"Type of bill is inconsistent with the patient status. Usage: Refer to the 835 Healthcare Policy Identification Segment (loop 2110 Service Payment Information REF), if present.",,
307,CARC,"Medicare Maximum Fair Price Standard Default Refund Amount Adjustment. At least one Remark Code must be provided (may be comprised of either the NCPDP Reject Reason Code, or Remittance Advice Remark Code that is not an ALERT.) Usage: To be used only for the Medicare Drug Price Negotiation Program.",,
308,CARC,Payment is adjusted due to contracted funding agreement between the payer and provider.,,
A0,CARC,Patient refund amount.,,
A1,CARC,"Claim/Service denied. At least one Remark Code must be provided (may be comprised of either the NCPDP Reject Reason Code, or Remittance Advice Remark Code that is not an ALERT.) The following will be added to this definition on 7/1/2023, Usage: Use this code only when a more specific Claim Adjustment Reason Code is not available.",,
A2,CARC,Contractual adjustment.,,
A3,CARC,Medicare Secondary Payer liability met.,,
A4,CARC,Medicare Claim PPS Capital Day Outlier Amount.,,
A5,CARC,Medicare Claim PPS Capital Cost Outlier Amount.,,
A6,CARC,Prior hospitalization or 30 day transfer requirement not met.,,
A7,CARC,Presumptive Payment Adjustment,,
A8,CARC,Ungroupable DRG.,,
B1,CARC,Non-covered visits.,,
B2,CARC,Covered visits.,,
B3,CARC,Covered charges.,,
B4,CARC,Late filing penalty.,,
B5,CARC,Coverage/program guidelines were not met or were exceeded.,,
B6,CARC,"This payment is adjusted when performed/billed by this type of provider, by this type of provider in this type of facility, or by a provider of this specialty.",,
B7,CARC,"This provider was not certified/eligible to be paid for this procedure/service on this date of service. Usage: Refer to the 835 Healthcare Policy Identification Segment (loop 2110 Service Payment Information REF), if present.",,
B8,CARC,"Alternative services were available, and should have been utilized. Usage: Refer to the 835 Healthcare Policy Identification Segment (loop 2110 Service Payment Information REF), if present.",,
B9,CARC,Patient is enrolled in a Hospice.,,
B10,CARC,Allowed amount has been reduced because a component of the basic procedure/test was paid. The beneficiary is not liable for more than the charge limit for the basic procedure/test.,,
B11,CARC,The claim/service has been transferred to the proper payer/processor for processing. Claim/service not covered by this payer/processor.,,
B12,CARC,Services not documented in patient's medical records.,,
B13,CARC,Previously paid. Payment for this claim/service may have been provided in a previous payment.,,
B14,CARC,Only one visit or consultation per physician per day is covered.,,
B15,CARC,"This service/procedure requires that a qualifying service/procedure be received and covered. The qualifying other service/procedure has not been received/adjudicated. Usage: Refer to the 835 Healthcare Policy Identification Segment (loop 2110 Service Payment Information REF), if present.",,
B16,CARC,'New Patient' qualifications were not met.,,
B17,CARC,"Payment adjusted because this service was not prescribed by a physician, not prescribed prior to delivery, the prescription is incomplete, or the prescription is not current.",,
B18,CARC,This procedure code and modifier were invalid on the date of service.,,
B19,CARC,Claim/service adjusted because of the finding of a Review Organization.,,
B20,CARC,Procedure/service was partially or fully furnished by another provider.,,
B21,CARC,The charges were reduced because the service/care was partially furnished by another physician.,,
B22,CARC,This payment is adjusted based on the diagnosis.,,
B23,CARC,Procedure billed is not authorized per your Clinical Laboratory Improvement Amendment (CLIA) proficiency test.,,
D1,CARC,Claim/service denied. Level of subluxation is missing or inadequate.,,
D2,CARC,"Claim lacks the name, strength, or dosage of the drug furnished.",,
D3,CARC,Claim/service denied because information to indicate if the patient owns the equipment that requires the part or supply was missing.,,
D4,CARC,Claim/service does not indicate the period of time for which this will be needed.,,
D5,CARC,Claim/service denied. Claim lacks individual lab codes included in the test.,,
D6,CARC,Claim/service denied. Claim did not include patient's medical record for the service.,,
D7,CARC,Claim/service denied. Claim lacks date of patient's most recent physician visit.,,
D8,CARC,Claim/service denied. Claim lacks indicator that 'x-ray is available for review.',,
D9,CARC,"Claim/service denied. Claim lacks invoice or statement certifying the actual cost of the lens, less discounts or the type of intraocular lens used.",,
D10,CARC,Claim/service denied. Completed physician financial relationship form not on file.,,
D11,CARC,Claim lacks completed pacemaker registration form.,,
D12,CARC,Claim/service denied. Claim does not identify who performed the purchased diagnostic test or the amount you were charged for the test.,,
D13,CARC,Claim/service denied. Performed by a facility/supplier in which the ordering/referring physician has a financial interest.,,
D14,CARC,Claim lacks indication that plan of treatment is on file.,,
D15,CARC,Claim lacks indication that service was supervised or evaluated by a physician.,,
D16,CARC,Claim lacks prior payer payment information.,,
D17,CARC,Claim/Service has invalid non-covered days.,,
D18,CARC,Claim/Service has missing diagnosis information.,,
D19,CARC,Claim/Service lacks Physician/Operative or other supporting documentation,,
D20,CARC,Claim/Service missing service/product information.,,
D21,CARC,This (these) diagnosis(es) is (are) missing or are invalid,,
D22,CARC,Reimbursement was adjusted for the reasons to be provided in separate correspondence. (Note: To be used for Workers' Compensation only) - Temporary code to be added for timeframe only until 01/01/2009. Another code to be established and/or for 06/2008 meeting for a revised code to replace or strategy to use another existing code,,
D23,CARC,"This dual eligible patient is covered by Medicare Part D per Medicare Retro-Eligibility. At least one Remark Code must be provided (may be comprised of either the NCPDP Reject Reason Code, or Remittance Advice Remark Code that is not an ALERT.)",,
P1,CARC,"State-mandated Requirement for Property and Casualty, see Claim Payment Remarks Code for specific explanation. To be used for Property and Casualty only.",,
P2,CARC,"Not a work related injury/illness and thus not the liability of the workers' compensation carrier Usage: If adjustment is at the Claim Level, the payer must send and the provider should refer to the 835 Insurance Policy Number Segment (Loop 2100 Other Claim Related Information REF qualifier 'IG') for the jurisdictional regulation. If adjustment is at the Line Level, the payer must send and the provider should refer to the 835 Healthcare Policy Identification Segment (loop 2110 Service Payment information REF). To be used for Workers' Compensation only.",,
P3,CARC,Workers' Compensation case settled. Patient is responsible for amount of this claim/service through WC 'Medicare set aside arrangement' or other agreement. To be used for Workers' Compensation only. (Use only with Group Code PR),,
P4,CARC,"Workers' Compensation claim adjudicated as non-compensable. This Payer not liable for claim or service/treatment. Usage: If adjustment is at the Claim Level, the payer must send and the provider should refer to the 835 Insurance Policy Number Segment (Loop 2100 Other Claim Related Information REF qualifier 'IG') for the jurisdictional regulation. If adjustment is at the Line Level, the payer must send and the provider should refer to the 835 Healthcare Policy Identification Segment (loop 2110 Service Payment information REF). To be used for Workers' Compensation only",,
P5,CARC,Based on payer reasonable and customary fees. No maximum allowable defined by legislated fee arrangement. To be used for Property and Casualty only.,,
P6,CARC,"Based on entitlement to benefits. Usage: If adjustment is at the Claim Level, the payer must send and the provider should refer to the 835 Insurance Policy Number Segment (Loop 2100 Other Claim Related Information REF qualifier 'IG') for the jurisdictional regulation. If adjustment is at the Line Level, the payer must send and the provider should refer to the 835 Healthcare Policy Identification Segment (loop 2110 Service Payment information REF). To be used for Property and Casualty only.",,
P7,CARC,The applicable fee schedule/fee database does not contain the billed code. Please resubmit a bill with the appropriate fee schedule/fee database code(s) that best describe the service(s) provided and supporting documentation if required. To be used for Property and Casualty only.,,
P8,CARC,"Claim is under investigation. Usage: If adjustment is at the Claim Level, the payer must send and the provider should refer to the 835 Insurance Policy Number Segment (Loop 2100 Other Claim Related Information REF qualifier 'IG') for the jurisdictional regulation. If adjustment is at the Line Level, the payer must send and the provider should refer to the 835 Healthcare Policy Identification Segment (loop 2110 Service Payment information REF). To be used for Property and Casualty only.",,
P9,CARC,No available or correlating CPT/HCPCS code to describe this service. To be used for Property and Casualty only.,,
P10,CARC,Payment reduced to zero due to litigation. Additional information will be sent following the conclusion of litigation. To be used for Property and Casualty only.,,
P11,CARC,The disposition of the related Property & Casualty claim (injury or illness) is pending due to litigation. To be used for Property and Casualty only. (Use only with Group Code OA),,
P12,CARC,"Workers' compensation jurisdictional fee schedule adjustment. Usage: If adjustment is at the Claim Level, the payer must send and the provider should refer to the 835 Class of Contract Code Identification Segment (Loop 2100 Other Claim Related Information REF). If adjustment is at the Line Level, the payer must send and the provider should refer to the 835 Healthcare Policy Identification Segment (loop 2110 Service Payment information REF) if the regulations apply. To be used for Workers' Compensation only.",,
P13,CARC,"Payment reduced or denied based on workers' compensation jurisdictional regulations or payment policies, use only if no other code is applicable. Usage: If adjustment is at the Claim Level, the payer must send and the provider should refer to the 835 Insurance Policy Number Segment (Loop 2100 Other Claim Related Information REF qualifier 'IG') if the jurisdictional regulation applies. If adjustment is at the Line Level, the payer must send and the provider should refer to the 835 Healthcare Policy Identification Segment (loop 2110 Service Payment information REF) if the regulations apply. To be used for Workers' Compensation only.",,
P14,CARC,"The Benefit for this Service is included in the payment/allowance for another service/procedure that has been performed on the same day. Usage: Refer to the 835 Healthcare Policy Identification Segment (loop 2110 Service Payment Information REF), if present. To be used for Property and Casualty only.",,
P15,CARC,Workers' Compensation Medical Treatment Guideline Adjustment. To be used for Workers' Compensation only.,,
P16,CARC,Medical provider not authorized/certified to provide treatment to injured workers in this jurisdiction. To be used for Workers' Compensation only. (Use with Group Code CO or OA),,
P17,CARC,Referral not authorized by attending physician per regulatory requirement. To be used for Property and Casualty only.,,
P18,CARC,Procedure is not listed in the jurisdiction fee schedule. An allowance has been made for a comparable service. To be used for Property and Casualty only.,,
P19,CARC,"Procedure has a relative value of zero in the jurisdiction fee schedule, therefore no payment is due. To be used for Property and Casualty only.",,
P20,CARC,Service not paid under jurisdiction allowed outpatient facility fee schedule. To be used for Property and Casualty only.,,
P21,CARC,"Payment denied based on the Medical Payments Coverage (MPC) and/or Personal Injury Protection (PIP) Benefits jurisdictional regulations, or payment policies. Usage: If adjustment is at the Claim Level, the payer must send and the provider should refer to the 835 Insurance Policy Number Segment (Loop 2100 Other Claim Related Information REF qualifier 'IG') if the jurisdictional regulation applies. If adjustment is at the Line Level, the payer must send and the provider should refer to the 835 Healthcare Policy Identification Segment (loop 2110 Service Payment information REF) if the regulations apply. To be used for Property and Casualty Auto only.",,
P22,CARC,"Payment adjusted based on the Medical Payments Coverage (MPC) and/or Personal Injury Protection (PIP) Benefits jurisdictional regulations, or payment policies. Usage: If adjustment is at the Claim Level, the payer must send and the provider should refer to the 835 Insurance Policy Number Segment (Loop 2100 Other Claim Related Information REF qualifier 'IG') if the jurisdictional regulation applies. If adjustment is at the Line Level, the payer must send and the provider should refer to the 835 Healthcare Policy Identification Segment (loop 2110 Service Payment information REF) if the regulations apply. To be used for Property and Casualty Auto only.",,
P23,CARC,"Medical Payments Coverage (MPC) or Personal Injury Protection (PIP) Benefits jurisdictional fee schedule adjustment. Usage: If adjustment is at the Claim Level, the payer must send and the provider should refer to the 835 Class of Contract Code Identification Segment (Loop 2100 Other Claim Related Information REF). If adjustment is at the Line Level, the payer must send and the provider should refer to the 835 Healthcare Policy Identification Segment (loop 2110 Service Payment information REF) if the regulations apply. To be used for Property and Casualty Auto only.",,
P24,CARC,"Payment adjusted based on Preferred Provider Organization (PPO). Usage: If adjustment is at the Claim Level, the payer must send and the provider should refer to the 835 Class of Contract Code Identification Segment (Loop 2100 Other Claim Related Information REF). If adjustment is at the Line Level, the payer must send and the provider should refer to the 835 Healthcare Policy Identification Segment (loop 2110 Service Payment information REF) if the regulations apply. To be used for Property and Casualty only. Use only with Group Code CO.",,
P25,CARC,"Payment adjusted based on Medical Provider Network (MPN). Usage: If adjustment is at the Claim Level, the payer must send and the provider should refer to the 835 Class of Contract Code Identification Segment (Loop 2100 Other Claim Related Information REF). If adjustment is at the Line Level, the payer must send and the provider should refer to the 835 Healthcare Policy Identification Segment (loop 2110 Service Payment information REF) if the regulations apply. To be used for Property and Casualty only. (Use only with Group Code CO).",,
P26,CARC,"Payment adjusted based on Voluntary Provider network (VPN). Usage: If adjustment is at the Claim Level, the payer must send and the provider should refer to the 835 Class of Contract Code Identification Segment (Loop 2100 Other Claim Related Information REF). If adjustment is at the Line Level, the payer must send and the provider should refer to the 835 Healthcare Policy Identification Segment (loop 2110 Service Payment information REF) if the regulations apply. To be used for Property and Casualty only. (Use only with Group Code CO).",,
P27,CARC,"Payment denied based on the Liability Coverage Benefits jurisdictional regulations and/or payment policies. Usage: If adjustment is at the Claim Level, the payer must send and the provider should refer to the 835 Insurance Policy Number Segment (Loop 2100 Other Claim Related Information REF qualifier 'IG') if the jurisdictional regulation applies. If adjustment is at the Line Level, the payer must send and the provider should refer to the 835 Healthcare Policy Identification Segment (loop 2110 Service Payment information REF) if the regulations apply. To be used for Property and Casualty Auto only.",,
P28,CARC,"Payment adjusted based on the Liability Coverage Benefits jurisdictional regulations and/or payment policies. Usage: If adjustment is at the Claim Level, the payer must send and the provider should refer to the 835 Insurance Policy Number Segment (Loop 2100 Other Claim Related Information REF qualifier 'IG') if the jurisdictional regulation applies. If adjustment is at the Line Level, the payer must send and the provider should refer to the 835 Healthcare Policy Identification Segment (loop 2110 Service Payment information REF) if the regulations apply. To be used for Property and Casualty Auto only.",,
P29,CARC,"Liability Benefits jurisdictional fee schedule adjustment. Usage: If adjustment is at the Claim Level, the payer must send and the provider should refer to the 835 Class of Contract Code Identification Segment (Loop 2100 Other Claim Related Information REF). If adjustment is at the Line Level, the payer must send and the provider should refer to the 835 Healthcare Policy Identification Segment (loop 2110 Service Payment information REF) if the regulations apply. To be used for Property and Casualty Auto only.",,
P30,CARC,Payment denied for exacerbation when supporting documentation was not complete. To be used for Property and Casualty only.,,
P31,CARC,Payment denied for exacerbation when treatment exceeds time allowed. To be used for Property and Casualty only.,,
P32,CARC,Payment adjusted due to Apportionment.,,
W1,CARC,"Workers' compensation jurisdictional fee schedule adjustment. Note: If adjustment is at the Claim Level, the payer must send and the provider should refer to the 835 Class of Contract Code Identification Segment (Loop 2100 Other Claim Related Information REF). If adjustment is at the Line Level, the payer must send and the provider should refer to the 835 Healthcare Policy Identification Segment (loop 2110 Service Payment information REF) if the regulations apply.",,
W2,CARC,"Payment reduced or denied based on workers' compensation jurisdictional regulations or payment policies, use only if no other code is applicable. Note: If adjustment is at the Claim Level, the payer must send and the provider should refer to the 835 Insurance Policy Number Segment (Loop 2100 Other Claim Related Information REF qualifier 'IG') if the jurisdictional regulation applies. If adjustment is at the Line Level, the payer must send and the provider should refer to the 835 Healthcare Policy Identification Segment (loop 2110 Service Payment information REF) if the regulations apply. To be used for Workers' Compensation only.",,
W3,CARC,"The Benefit for this Service is included in the payment/allowance for another service/procedure that has been performed on the same day. Note: Refer to the 835 Healthcare Policy Identification Segment (loop 2110 Service Payment Information REF), if present. For use by Property and Casualty only.",,
W4,CARC,Workers' Compensation Medical Treatment Guideline Adjustment.,,
W5,CARC,Medical provider not authorized/certified to provide treatment to injured workers in this jurisdiction. (Use with Group Code CO or OA),,
W6,CARC,Referral not authorized by attending physician per regulatory requirement.,,
W7,CARC,Procedure is not listed in the jurisdiction fee schedule. An allowance has been made for a comparable service.,,
W8,CARC,"Procedure has a relative value of zero in the jurisdiction fee schedule, therefore no payment is due.",,
W9,CARC,Service not paid under jurisdiction allowed outpatient facility fee schedule.,,
Y1,CARC,"Payment denied based on Medical Payments Coverage (MPC) or Personal Injury Protection (PIP) Benefits jurisdictional regulations or payment policies, use only if no other code is applicable. Note: If adjustment is at the Claim Level, the payer must send and the provider should refer to the 835 Insurance Policy Number Segment (Loop 2100 Other Claim Related Information REF qualifier 'IG') if the jurisdictional regulation applies. If adjustment is at the Line Level, the payer must send and the provider should refer to the 835 Healthcare Policy Identification Segment (loop 2110 Service Payment information REF) if the regulations apply. To be used for P&C Auto only.",,
Y2,CARC,"Payment adjusted based on Medical Payments Coverage (MPC) or Personal Injury Protection (PIP) Benefits jurisdictional regulations or payment policies, use only if no other code is applicable. Note: If adjustment is at the Claim Level, the payer must send and the provider should refer to the 835 Insurance Policy Number Segment (Loop 2100 Other Claim Related Information REF qualifier 'IG') if the jurisdictional regulation applies. If adjustment is at the Line Level, the payer must send and the provider should refer to the 835 Healthcare Policy Identification Segment (loop 2110 Service Payment information REF) if the regulations apply. To be used for P&C Auto only.",,
Y3,CARC,"Medical Payments Coverage (MPC) or Personal Injury Protection (PIP) Benefits jurisdictional fee schedule adjustment. Note: If adjustment is at the Claim Level, the payer must send and the provider should refer to the 835 Class of Contract Code Identification Segment (Loop 2100 Other Claim Related Information REF). If adjustment is at the Line Level, the payer must send and the provider should refer to the 835 Healthcare Policy Identification Segment (loop 2110 Service Payment information REF) if the regulations apply. To be used for P&C Auto only.",,
COc,CARC,Contractural Obligations,,
CRc,CARC,Correction and Reversals,,
OAc,CARC,Other adjustments,,
PRc,CARC,Patient Responsibility,,
50p,CARC,Late Charge,,
51p,CARC,Interest Penalty Charge,,
72p,CARC,Authorized Return,,
90p,CARC,Early Payment Allowance,,
AMp,CARC,Applied to Borrower's Account,,
APp,CARC,Acceleration of Benefits,,
B2p,CARC,Rebate,,
B3p,CARC,Recovery Allowance,,
BDp,CARC,Bad Debt Adjustment,,
BNp,CARC,Bonus,,
C5p,CARC,Temporary Allowance,,
CRp,CARC,Capitation Interest,,
CSp,CARC,Adjustment,,
CTp,CARC,Capitation Payment,,
CVp,CARC,Capital Passthru,,
CWp,CARC,Certified Registered Nurse Anesthetist Passthru,,
DMp,CARC,Direct Medical Education Passthru,,
E3p,CARC,Withholding,,
FBp,CARC,Forwarding Balance,,
FCp,CARC,Fund Allocation,,
GOp,CARC,Graduate Medical Education Passthru,,
IPp,CARC,Incentive Premium Payment,,
IRp,CARC,Internal Revenue Service Withholding,,
ISp,CARC,Interim Settlement,,
J1p,CARC,Nonreimbursable,,
L3p,CARC,Penalty,,
L6p,CARC,Interest Owed,,
LEp,CARC,Levy,,
LSp,CARC,Lump Sum,,
OAp,CARC,Organ Acquisition Passthru,,
OBp,CARC,Offset for Affiliated Providers,,
PIp,CARC,Periodic Interim Payment,,
PLp,CARC,Payment Final,,
RAp,CARC,Retro-activity Adjustment,,
REp,CARC,Return on Equity,,
SLp,CARC,Student Loan Repayment,,
TLp,CARC,Third Party Liablility,,
WOp,CARC,Overpayment Recovery,,
WUp,CARC,Unspecified Recovery,,
ZZp,CARC,Mutually Defined,,
1s,CARC,Additional Information Required - Missing/Invalid/Incomplete Documentation,,
2s,CARC,Additional Information Required - Missing/Invalid/Incomplete Data from Submitted Claim,,
3s,CARC,Billed Service Not Covered by Health Plan,,
4s,CARC,Benefit for Billed Service Not Separately Payable,,
M1,RARC,X-ray not taken within the past 12 months or near enough to the start of treatment.,,
M2,RARC,Not paid separately when the patient is an inpatient.,,
M3,RARC,Equipment is the same or similar to equipment already being used.,,
M4,RARC,Alert: This is the last monthly installment payment for this durable medical equipment.,,
M5,RARC,"Monthly rental payments can continue until the earlier of the 15th month from the first rental month, or the month when the equipment is no longer needed.",,
M6,RARC,Alert: You must furnish and service this item for any period of medical need for the remainder of the reasonable useful lifetime of the equipment.,,
M7,RARC,"No rental payments after the item is purchased, returned or after the total of issued rental payments equals the purchase price.",,
M8,RARC,We do not accept blood gas tests results when the test was conducted by a medical supplier or taken while the patient is on oxygen.,,
M9,RARC,Alert: This is the tenth rental month. You must offer the patient the choice of changing the rental to a purchase agreement.,,
M10,RARC,Equipment purchases are limited to the first or the tenth month of medical necessity.,,
M11,RARC,"DME, orthotics and prosthetics must be billed to the DME carrier who services the patient's zip code.",,
M12,RARC,Diagnostic tests performed by a physician must indicate whether purchased services are included on the claim.,,
M13,RARC,Only one initial visit is covered per specialty per medical group.,,
M14,RARC,"No separate payment for an injection administered during an office visit, and no payment for a full office visit if the patient only received an injection.",,
M15,RARC,Separately billed services/tests have been bundled as they are considered components of the same procedure. Separate payment is not allowed.,,
M16,RARC,"Alert: Please see our web site, mailings, or bulletins for more details concerning this policy/procedure/decision.",,
M17,RARC,"Alert: Payment approved as you did not know, and could not reasonably have been expected to know, that this would not normally have been covered for this patient. In the future, you will be liable for charges for the same service(s) under the same or similar conditions.",,
M18,RARC,Certain services may be approved for home use. Neither a hospital nor a Skilled Nursing Facility (SNF) is considered to be a patient's home.,,
M19,RARC,Missing oxygen certification/re-certification.,,
M20,RARC,Missing/incomplete/invalid HCPCS.,,
M21,RARC,Missing/incomplete/invalid place of residence for this service/item provided in a home.,,
M22,RARC,Missing/incomplete/invalid number of miles traveled.,,
M23,RARC,Missing invoice.,,
M24,RARC,Missing/incomplete/invalid number of doses per vial.,,
M25,RARC,"The information furnished does not substantiate the need for this level of service. If you believe the service should have been fully covered as billed, or if you did not know and could not reasonably have been expected to know that we would not pay for this level of service, or if you notified the patient in writing in advance that we would not pay for this level of service and he/she agreed in writing to pay, ask us to review your claim within 120 days of the date of this notice. If you do not request an appeal, we will, upon application from the patient, reimburse him/her for the amount you have collected from him/her in excess of any deductible and coinsurance amounts. We will recover the reimbursement from you as an overpayment.",,
M26,RARC,"The information furnished does not substantiate the need for this level of service. If you have collected any amount from the patient for this level of service/any amount that exceeds the limiting charge for the less extensive service, the law requires you to refund that amount to the patient within 30 days of receiving this notice. The requirements for refund are in 1824(I) of the Social Security Act and 42CFR411.408. The section specifies that physicians who knowingly and willfully fail to make appropriate refunds may be subject to civil monetary penalties and/or exclusion from the program. If you have any questions about this notice, please contact this office.",,
M27,RARC,"Alert: The patient has been relieved of liability of payment of these items and services under the limitation of liability provision of the law. The provider is ultimately liable for the patient's waived charges, including any charges for coinsurance, since the items or services were not reasonable and necessary or constituted custodial care, and you knew or could reasonably have been expected to know, that they were not covered. You may appeal this determination. You may ask for an appeal regarding both the coverage determination and the issue of whether you exercised due care. The appeal request must be filed within 120 days of the date you receive this notice. You must make the request through this office.",,
M28,RARC,This does not qualify for payment under Part B when Part A coverage is exhausted or not otherwise available.,,
M29,RARC,Missing operative note/report.,,
M30,RARC,Missing pathology report.,,
M31,RARC,Missing radiology report.,,
M32,RARC,Alert: This is a conditional payment made pending a decision on this service by the patient's primary payer. This payment may be subject to refund upon your receipt of any additional payment for this service from another payer. You must contact this office immediately upon receipt of an additional payment for this service.,,
M33,RARC,Missing/incomplete/invalid UPIN for the ordering/referring/performing provider.,,
M34,RARC,Claim lacks the CLIA certification number.,,
M35,RARC,Missing/incomplete/invalid pre-operative photos or visual field results.,,
M36,RARC,This is the 11th rental month. We cannot pay for this until you indicate that the patient has been given the option of changing the rental to a purchase.,,
M37,RARC,Not covered when the patient is under age 35.,,
M38,RARC,Alert: The patient is liable for the charges for this service as they were informed in writing before the service was furnished that we would not pay for it and the patient agreed to be responsible for the charges.,,
M39,RARC,Alert: The patient is not liable for payment of this service as the advance notice of non-coverage you provided the patient did not comply with program requirements.,,
M40,RARC,Claim must be assigned and must be filed by the practitioner's employer.,,
M41,RARC,We do not pay for this as the patient has no legal obligation to pay for this.,,
M42,RARC,The medical necessity form must be personally signed by the attending physician.,,
M43,RARC,Payment for this service previously issued to you or another provider by another carrier/intermediary.,,
M44,RARC,Missing/incomplete/invalid condition code.,,
M45,RARC,Missing/incomplete/invalid occurrence code(s).,,
M46,RARC,Missing/incomplete/invalid occurrence span code(s).,,
M47,RARC,"Missing/incomplete/invalid Payer Claim Control Number. Other terms exist for this element including, but not limited to, Internal Control Number (ICN), Claim Control Number (CCN), Document Control Number (DCN).",,
M48,RARC,Payment for services furnished to hospital inpatients (other than professional services of physicians) can only be made to the hospital. You must request payment from the hospital rather than the patient for this service.,,
M49,RARC,Missing/incomplete/invalid value code(s) or amount(s).,,
M50,RARC,Missing/incomplete/invalid revenue code(s).,,
M51,RARC,Missing/incomplete/invalid procedure code(s).,,
M52,RARC,Missing/incomplete/invalid 'from' date(s) of service.,,
M53,RARC,Missing/incomplete/invalid days or units of service.,,
M54,RARC,Missing/incomplete/invalid total charges.,,
M55,RARC,We do not pay for self-administered anti-emetic drugs that are not administered with a covered oral anti-cancer drug.,,
M56,RARC,Missing/incomplete/invalid payer identifier.,,
M57,RARC,Missing/incomplete/invalid provider identifier.,,
M58,RARC,Missing/incomplete/invalid claim information. Resubmit claim after corrections.,,
M59,RARC,Missing/incomplete/invalid 'to' date(s) of service.,,
M60,RARC,Missing Certificate of Medical Necessity.,,
M61,RARC,We cannot pay for this as the approval period for the FDA clinical trial has expired.,,
M62,RARC,Missing/incomplete/invalid treatment authorization code.,,
M63,RARC,We do not pay for more than one of these on the same day.,,
M64,RARC,Missing/incomplete/invalid other diagnosis.,,
M65,RARC,One interpreting physician charge can be submitted per claim when a purchased diagnostic test is indicated. Please submit a separate claim for each interpreting physician.,,
M66,RARC,Our records indicate that you billed diagnostic tests subject to price limitations and the procedure code submitted includes a professional component. Only the technical component is subject to price limitations. Please submit the technical and professional components of this service as separate line items.,,
M67,RARC,Missing/incomplete/invalid other procedure code(s).,,
M68,RARC,"Missing/incomplete/invalid attending, ordering, rendering, supervising or referring physician identification.",,
M69,RARC,Paid at the regular rate as you did not submit documentation to justify the modified procedure code.,,
M70,RARC,"Alert: The NDC code submitted for this service was translated to a HCPCS code for processing, but please continue to submit the NDC on future claims for this item.",,
M71,RARC,Total payment reduced due to overlap of tests billed.,,
M72,RARC,Did not enter full 8-digit date (MM/DD/CCYY).,,
M73,RARC,The HPSA/Physician Scarcity bonus can only be paid on the professional component of this service. Rebill as separate professional and technical components.,,
M74,RARC,This service does not qualify for a HPSA/Physician Scarcity bonus payment.,,
M75,RARC,Multiple automated multichannel tests performed on the same day combined for payment.,,
M76,RARC,Missing/incomplete/invalid diagnosis or condition.,,
M77,RARC,Missing/incomplete/invalid/inappropriate place of service.,,
M78,RARC,Missing/incomplete/invalid HCPCS modifier.,,
M79,RARC,Missing/incomplete/invalid charge.,,
M80,RARC,Not covered when performed during the same session/date as a previously processed service for the patient.,,
M81,RARC,You are required to code to the highest level of specificity.,,
M82,RARC,Service is not covered when patient is under age 50.,,
M83,RARC,Service is not covered unless the patient is classified as at high risk.,,
M84,RARC,Medical code sets used must be the codes in effect at the time of service.,,
M85,RARC,Subjected to review of physician evaluation and management services.,,
M86,RARC,Service denied because payment already made for same/similar procedure within set time frame.,,
M87,RARC,Claim/service(s) subjected to CFO-CAP prepayment review.,,
M88,RARC,We cannot pay for laboratory tests unless billed by the laboratory that did the work.,,
M89,RARC,Not covered more than once under age 40.,,
M90,RARC,Not covered more than once in a 12 month period.,,
M91,RARC,Lab procedures with different CLIA certification numbers must be billed on separate claims.,,
M92,RARC,Services subjected to review under the Home Health Medical Review Initiative.,,
M93,RARC,Information supplied supports a break in therapy. A new capped rental period began with delivery of this equipment.,,
M94,RARC,Information supplied does not support a break in therapy. A new capped rental period will not begin.,,
M95,RARC,Services subjected to Home Health Initiative medical review/cost report audit.,,
M96,RARC,"The technical component of a service furnished to an inpatient may only be billed by that inpatient facility. You must contact the inpatient facility for technical component reimbursement. If not already billed, you should bill us for the professional component only.",,
M97,RARC,Not paid to practitioner when provided to patient in this place of service. Payment included in the reimbursement issued the facility.,,
M98,RARC,Begin to report the Universal Product Number on claims for items of this type. We will soon begin to deny payment for items of this type if billed without the correct UPN.,,
M99,RARC,Missing/incomplete/invalid Universal Product Number/Serial Number.,,
M100,RARC,"We do not pay for an oral anti-emetic drug that is not administered for use immediately before, at, or within 48 hours of administration of a covered chemotherapy drug.",,
M101,RARC,Begin to report a G1-G5 modifier with this HCPCS. We will soon begin to deny payment for this service if billed without a G1-G5 modifier.,,
M102,RARC,Service not performed on equipment approved by the FDA for this purpose.,,
M103,RARC,"Information supplied supports a break in therapy. However, the medical information we have for this patient does not support the need for this item as billed. We have approved payment for this item at a reduced level, and a new capped rental period will begin with the delivery of this equipment.",,
M104,RARC,Information supplied supports a break in therapy. A new capped rental period will begin with delivery of the equipment. This is the maximum approved under the fee schedule for this item or service.,,
M105,RARC,"Information supplied does not support a break in therapy. The medical information we have for this patient does not support the need for this item as billed. We have approved payment for this item at a reduced level, and a new capped rental period will not begin.",,
M106,RARC,Information supplied does not support a break in therapy. A new capped rental period will not begin. This is the maximum approved under the fee schedule for this item or service.,,
M107,RARC,Payment reduced as 90-day rolling average hematocrit for ESRD patient exceeded 36.5%.,,
M108,RARC,Missing/incomplete/invalid provider identifier for the provider who interpreted the diagnostic test.,,
M109,RARC,We have provided you with a bundled payment for a teleconsultation. You must send 25 percent of the teleconsultation payment to the referring practitioner.,,
M110,RARC,Missing/incomplete/invalid provider identifier for the provider from whom you purchased interpretation services.,,
M111,RARC,We do not pay for chiropractic manipulative treatment when the patient refuses to have an x-ray taken.,,
M112,RARC,Reimbursement for this item is based on the single payment amount required under the DMEPOS Competitive Bidding Program for the area where the patient resides.,,
M113,RARC,Our records indicate that this patient began using this item/service prior to the current contract period for the DMEPOS Competitive Bidding Program.,,
M114,RARC,"This service was processed in accordance with rules and guidelines under the DMEPOS Competitive Bidding Program or a Demonstration Project. For more information regarding these projects, contact your local contractor.",,
M115,RARC,This item is denied when provided to this patient by a non-contract or non-demonstration supplier.,,
M116,RARC,Processed under a demonstration project or program. Project or program is ending and additional services may not be paid under this project or program.,,
M117,RARC,Not covered unless submitted via electronic claim.,,
M118,RARC,Letter to follow containing further information.,,
M119,RARC,Missing/incomplete/invalid/ deactivated/withdrawn National Drug Code (NDC).,,
M120,RARC,Missing/incomplete/invalid provider identifier for the substituting physician who furnished the service(s) under a reciprocal billing or locum tenens arrangement.,,
M121,RARC,We pay for this service only when performed with a covered cryosurgical ablation.,,
M122,RARC,Missing/incomplete/invalid level of subluxation.,,
M123,RARC,"Missing/incomplete/invalid name, strength, or dosage of the drug furnished.",,
M124,RARC,Missing indication of whether the patient owns the equipment that requires the part or supply.,,
M125,RARC,Missing/incomplete/invalid information on the period of time for which the service/supply/equipment will be needed.,,
M126,RARC,Missing/incomplete/invalid individual lab codes included in the test.,,
M127,RARC,Missing patient medical record for this service.,,
M128,RARC,Missing/incomplete/invalid date of the patient's last physician visit.,,
M129,RARC,Missing/incomplete/invalid indicator of x-ray availability for review.,,
M130,RARC,"Missing invoice or statement certifying the actual cost of the lens, less discounts, and/or the type of intraocular lens used.",,
M131,RARC,Missing physician financial relationship form.,,
M132,RARC,Missing pacemaker registration form.,,
M133,RARC,Claim did not identify who performed the purchased diagnostic test or the amount you were charged for the test.,,
M134,RARC,Performed by a facility/supplier in which the provider has a financial interest.,,
M135,RARC,Missing/incomplete/invalid plan of treatment.,,
M136,RARC,Missing/incomplete/invalid indication that the service was supervised or evaluated by a physician.,,
M137,RARC,Part B coinsurance under a demonstration project or pilot program.,,
M138,RARC,Patient identified as a demonstration participant but the patient was not enrolled in the demonstration at the time services were rendered. Coverage is limited to demonstration participants.,,
M139,RARC,Denied services exceed the coverage limit for the demonstration.,,
M140,RARC,"Service not covered until after the patient's 50th birthday, i.e., no coverage prior to the day after the 50th birthday",,
M141,RARC,Missing physician certified plan of care.,,
M142,RARC,Missing American Diabetes Association Certificate of Recognition.,,
M143,RARC,The provider must update license information with the payer.,,
M144,RARC,Pre-/post-operative care payment is included in the allowance for the surgery/procedure.,,
MA01,RARC,"Alert: If you do not agree with what we approved for these services, you may appeal our decision. To make sure that we are fair to you, we require another individual that did not process your initial claim to conduct the appeal. However, in order to be eligible for an appeal, you must write to us within 120 days of the date you received this notice, unless you have a good reason for being late.",,
MA02,RARC,"Alert: If you do not agree with this determination, you have the right to appeal. You must file a written request for an appeal within 180 days of the date you receive this notice.",,
MA03,RARC,"If you do not agree with the approved amounts and $100 or more is in dispute (less deductible and coinsurance), you may ask for a hearing within six months of the date of this notice. To meet the $100, you may combine amounts on other claims that have been denied, including reopened appeals if you received a revised decision. You must appeal each claim on time.",,
MA04,RARC,Secondary payment cannot be considered without the identity of or payment information from the primary payer. The information was either not reported or was illegible.,,
MA05,RARC,Incorrect admission date patient status or type of bill entry on claim.,,
MA06,RARC,Missing/incomplete/invalid beginning and/or ending date(s).,,
MA07,RARC,Alert: The claim information has also been forwarded to Medicaid for review.,,
MA08,RARC,"Alert: Claim information was not forwarded because the supplemental coverage is not with a Medigap plan, or you do not participate in Medicare.",,
MA09,RARC,Alert: Claim submitted as unassigned but processed as assigned in accordance with our current assignment/participation agreement.,,
MA10,RARC,Alert: The patient's payment was in excess of the amount owed. You must refund the overpayment to the patient.,,
MA11,RARC,"Payment is being issued on a conditional basis. If no-fault insurance, liability insurance, Workers' Compensation, Department of Veterans Affairs, or a group health plan for employees and dependents also covers this claim, a refund may be due us. Please contact us if the patient is covered by any of these sources.",,
MA12,RARC,You have not established that you have the right under the law to bill for services furnished by the person(s) that furnished this (these) service(s).,,
MA13,RARC,Alert: You may be subject to penalties if you bill the patient for amounts not reported with the PR (patient responsibility) group code.,,
MA14,RARC,"Alert: The patient is a member of an employer-sponsored prepaid health plan. Services from outside that health plan are not covered. However, as you were not previously notified of this, we are paying this time. In the future, we will not pay you for non-plan services.",,
MA15,RARC,Alert: Your claim has been separated to expedite handling. You will receive a separate notice for the other services reported.,,
MA16,RARC,"The patient is covered by the Black Lung Program. Send this claim to the Department of Labor, Federal Black Lung Program, P.O. Box 828, Lanham-Seabrook MD 20703.",,
MA17,RARC,We are the primary payer and have paid at the primary rate. You must contact the patient's other insurer to refund any excess it may have paid due to its erroneous primary payment.,,
MA18,RARC,Alert: The claim information is also being forwarded to the patient's supplemental insurer. Send any questions regarding supplemental benefits to them.,,
MA19,RARC,Alert: Information was not sent to the Medigap insurer due to incorrect/invalid information you submitted concerning that insurer. Please verify your information and submit your secondary claim directly to that insurer.,,
MA20,RARC,Skilled Nursing Facility (SNF) stay not covered when care is primarily related to the use of an urethral catheter for convenience or the control of incontinence.,,
MA21,RARC,SSA records indicate mismatch with name and sex.,,
MA22,RARC,Payment of less than $1.00 suppressed.,,
MA23,RARC,Demand bill approved as result of medical review.,,
MA24,RARC,Christian Science Sanitarium/ Skilled Nursing Facility (SNF) bill in the same benefit period.,,
MA25,RARC,A patient may not elect to change a hospice provider more than once in a benefit period.,,
MA26,RARC,Alert: Our records indicate that you were previously informed of this rule.,,
MA27,RARC,Missing/incomplete/invalid entitlement number or name shown on the claim.,,
MA28,RARC,"Alert: Receipt of this notice by a physician or supplier who did not accept assignment is for information only and does not make the physician or supplier a party to the determination. No additional rights to appeal this decision, above those rights already provided for by regulation/instruction, are conferred by receipt of this notice.",,
MA29,RARC,"Missing/incomplete/invalid provider name, city, state, or zip code.",,
MA30,RARC,Missing/incomplete/invalid type of bill.,,
MA31,RARC,Missing/incomplete/invalid beginning and ending dates of the period billed.,,
MA32,RARC,Missing/incomplete/invalid number of covered days during the billing period.,,
MA33,RARC,Missing/incomplete/invalid non-covered days during the billing period.,,
MA34,RARC,Missing/incomplete/invalid number of coinsurance days during the billing period.,,
MA35,RARC,Missing/incomplete/invalid number of lifetime reserve days.,,
MA36,RARC,Missing/incomplete/invalid patient name.,,
MA37,RARC,Missing/incomplete/invalid patient's address.,,
MA38,RARC,Missing/incomplete/invalid birth date.,,
MA39,RARC,Missing/incomplete/invalid gender.,,
MA40,RARC,Missing/incomplete/invalid admission date.,,
MA41,RARC,Missing/incomplete/invalid admission type.,,
MA42,RARC,Missing/incomplete/invalid admission source.,,
MA43,RARC,Missing/incomplete/invalid patient status.,,
MA44,RARC,Alert: No appeal rights. Adjudicative decision based on law.,,
MA45,RARC,"Alert: As previously advised, a portion or all of your payment is being held in a special account.",,
MA46,RARC,Alert: The new information was considered but additional payment will not be issued.,,
MA47,RARC,"Our records show you have opted out of Medicare, agreeing with the patient not to bill Medicare for services/tests/supplies furnished. As result, we cannot pay this claim. The patient is responsible for payment.",,
MA48,RARC,Missing/incomplete/invalid name or address of responsible party or primary payer.,,
MA49,RARC,Missing/incomplete/invalid six-digit provider identifier for home health agency or hospice for physician(s) performing care plan oversight services.,,
MA50,RARC,Missing/incomplete/invalid Investigational Device Exemption number or Clinical Trial number.,,
MA51,RARC,Missing/incomplete/invalid CLIA certification number for laboratory services billed by physician office laboratory.,,
MA52,RARC,Missing/incomplete/invalid date.,,
MA53,RARC,Missing/incomplete/invalid Competitive Bidding Demonstration Project identification.,,
MA54,RARC,Physician certification or election consent for hospice care not received timely.,,
MA55,RARC,"Not covered as patient received medical health care services, automatically revoking his/her election to receive religious non-medical health care services.",,
MA56,RARC,"Our records show you have opted out of Medicare, agreeing with the patient not to bill Medicare for services/tests/supplies furnished. As result, we cannot pay this claim. The patient is responsible for payment, but under Federal law, you cannot charge the patient more than the limiting charge amount.",,
MA57,RARC,Patient submitted written request to revoke his/her election for religious non-medical health care services.,,
MA58,RARC,Missing/incomplete/invalid release of information indicator.,,
MA59,RARC,Alert: The patient overpaid you for these services. You must issue the patient a refund within 30 days for the difference between his/her payment and the total amount shown as patient responsibility on this notice.,,
MA60,RARC,Missing/incomplete/invalid patient relationship to insured.,,
MA61,RARC,Missing/incomplete/invalid social security number.,,
MA62,RARC,Alert: This is a telephone review decision.,,
MA63,RARC,Missing/incomplete/invalid principal diagnosis.,,
MA64,RARC,Our records indicate that we should be the third payer for this claim. We cannot process this claim until we have received payment information from the primary and secondary payers.,,
MA65,RARC,Missing/incomplete/invalid admitting diagnosis.,,
MA66,RARC,Missing/incomplete/invalid principal procedure code.,,
MA67,RARC,Alert: Correction to a prior claim.,,
MA68,RARC,Alert: We did not crossover this claim because the secondary insurance information on the claim was incomplete. Please supply complete information or use the PLANID of the insurer to assure correct and timely routing of the claim.,,
MA69,RARC,Missing/incomplete/invalid remarks.,,
MA70,RARC,Missing/incomplete/invalid provider representative signature.,,
MA71,RARC,Missing/incomplete/invalid provider representative signature date.,,
MA72,RARC,Alert: The patient overpaid you for these assigned services. You must issue the patient a refund within 30 days for the difference between his/her payment to you and the total of the amount shown as patient responsibility and as paid to the patient on this notice.,,
MA73,RARC,Informational remittance associated with a Medicare demonstration. No payment issued under fee-for-service Medicare as patient has elected managed care.,,
MA74,RARC,"Alert: This payment replaces an earlier payment for this claim that was either lost, damaged or returned.",,
MA75,RARC,Missing/incomplete/invalid patient or authorized representative signature.,,
MA76,RARC,Missing/incomplete/invalid provider identifier for home health agency or hospice when physician is performing care plan oversight services.,,
MA77,RARC,Alert: The patient overpaid you. You must issue the patient a refund within 30 days for the difference between the patient's payment less the total of our and other payer payments and the amount shown as patient responsibility on this notice.,,
MA78,RARC,The patient overpaid you. You must issue the patient a refund within 30 days for the difference between our allowed amount total and the amount paid by the patient.,,
MA79,RARC,Billed in excess of interim rate.,,
MA80,RARC,Informational notice. No payment issued for this claim with this notice. Payment issued to the hospital by its intermediary for all services for this encounter under a demonstration project.,,
MA81,RARC,Missing/incomplete/invalid provider/supplier signature.,,
MA82,RARC,"Missing/incomplete/invalid provider/supplier billing number/identifier or billing name, address, city, state, zip code, or phone number.",,
MA83,RARC,Did not indicate whether we are the primary or secondary payer.,,
MA84,RARC,"Patient identified as participating in the National Emphysema Treatment Trial but our records indicate that this patient is either not a participant, or has not yet been approved for this phase of the study. Contact Johns Hopkins University, the study coordinator, to resolve if there was a discrepancy.",,
MA85,RARC,"Our records indicate that a primary payer exists (other than ourselves); however, you did not complete or enter accurately the insurance plan/group/program name or identification number. Enter the PlanID when effective.",,
MA86,RARC,Missing/incomplete/invalid group or policy number of the insured for the primary coverage.,,
MA87,RARC,Missing/incomplete/invalid insured's name for the primary payer.,,
MA88,RARC,Missing/incomplete/invalid insured's address and/or telephone number for the primary payer.,,
MA89,RARC,Missing/incomplete/invalid patient's relationship to the insured for the primary payer.,,
MA90,RARC,Missing/incomplete/invalid employment status code for the primary insured.,,
MA91,RARC,Alert: This determination is the result of the appeal you filed.,,
MA92,RARC,Missing plan information for other insurance.,,
MA93,RARC,Non-PIP (Periodic Interim Payment) claim.,,
MA94,RARC,Did not enter the statement 'Attending physician not hospice employee' on the claim form to certify that the rendering physician is not an employee of the hospice.,,
MA95,RARC,A not otherwise classified or unlisted procedure code(s) was billed but a narrative description of the procedure was not entered on the claim. Refer to item 19 on the HCFA-1500.,,
MA96,RARC,Claim rejected. Coded as a Medicare Managed Care Demonstration but patient is not enrolled in a Medicare managed care plan.,,
MA97,RARC,Missing/incomplete/invalid Medicare Managed Care Demonstration contract number or clinical trial registry number.,,
MA98,RARC,Claim Rejected. Does not contain the correct Medicare Managed Care Demonstration contract number for this beneficiary.,,
MA99,RARC,Missing/incomplete/invalid Medigap information.,,
MA100,RARC,Missing/incomplete/invalid date of current illness or symptoms.,,
MA101,RARC,A Skilled Nursing Facility (SNF) is responsible for payment of outside providers who furnish these services/supplies to residents.,,
MA102,RARC,Missing/incomplete/invalid name or provider identifier for the rendering/referring/ ordering/ supervising provider.,,
MA103,RARC,Hemophilia Add On.,,
MA104,RARC,Missing/incomplete/invalid date the patient was last seen or the provider identifier of the attending physician.,,
MA105,RARC,Missing/incomplete/invalid provider number for this place of service.,,
MA106,RARC,PIP (Periodic Interim Payment) claim.,,
MA107,RARC,Paper claim contains more than three separate data items in field 19.,,
MA108,RARC,Paper claim contains more than one data item in field 23.,,
MA109,RARC,Claim processed in accordance with ambulatory surgical guidelines.,,
MA110,RARC,Missing/incomplete/invalid information on whether the diagnostic test(s) were performed by an outside entity or if no purchased tests are included on the claim.,,
MA111,RARC,Missing/incomplete/invalid purchase price of the test(s) and/or the performing laboratory's name and address.,,
MA112,RARC,Missing/incomplete/invalid group practice information.,,
MA113,RARC,"Incomplete/invalid taxpayer identification number (TIN) submitted by you per the Internal Revenue Service. Your claims cannot be processed without your correct TIN, and you may not bill the patient pending correction of your TIN. There are no appeal rights for unprocessable claims, but you may resubmit this claim after you have notified this office of your correct TIN.",,
MA114,RARC,Missing/incomplete/invalid information on where the services were furnished.,,
MA115,RARC,"Missing/incomplete/invalid physical location (name and address, or PIN) where the service(s) were rendered in a Health Professional Shortage Area (HPSA).",,
MA116,RARC,Did not complete the statement 'Homebound' on the claim to validate whether laboratory services were performed at home or in an institution.,,
MA117,RARC,This claim has been assessed a $1.00 user fee.,,
MA118,RARC,Alert: No Medicare payment issued for this claim for services or supplies furnished to a Medicare-eligible veteran through a facility of the Department of Veterans Affairs. Coinsurance and/or deductible are applicable.,,
MA119,RARC,Provider level adjustment for late claim filing applies to this claim.,,
MA120,RARC,Missing/incomplete/invalid CLIA certification number.,,
MA121,RARC,Missing/incomplete/invalid x-ray date.,,
MA122,RARC,Missing/incomplete/invalid initial treatment date.,,
MA123,RARC,"Your center was not selected to participate in this study, therefore, we cannot pay for these services.",,
MA124,RARC,Processed for IME only.,,
MA125,RARC,"Per legislation governing this program, payment constitutes payment in full.",,
MA126,RARC,Pancreas transplant not covered unless kidney transplant performed.,,
MA127,RARC,Reserved for future use.,,
MA128,RARC,Missing/incomplete/invalid FDA approval number.,,
MA129,RARC,This provider was not certified for this procedure on this date of service.,,
MA130,RARC,"Your claim contains incomplete and/or invalid information, and no appeal rights are afforded because the claim is unprocessable. Please submit a new claim with the complete/correct information.",,
MA131,RARC,Physician already paid for services in conjunction with this demonstration claim. You must have the physician withdraw that claim and refund the payment before we can process your claim.,,
MA132,RARC,Adjustment to the pre-demonstration rate.,,
MA133,RARC,Claim overlaps inpatient stay. Rebill only those services rendered outside the inpatient stay.,,
MA134,RARC,Missing/incomplete/invalid provider number of the facility where the patient resides.,,
N1,RARC,"Alert: You may appeal this decision in writing within the required time limits following receipt of this notice by following the instructions included in your contract, plan benefit documents or jurisdiction statutes. Refer to the URL provided in the ERA for the payer website to access the appeals process guidelines.",,
N2,RARC,This allowance has been made in accordance with the most appropriate course of treatment provision of the plan.,,
N3,RARC,Missing consent form.,,
N4,RARC,Missing/Incomplete/Invalid prior Insurance Carrier(s) EOB.,,
N5,RARC,EOB received from previous payer. Claim not on file.,,
N6,RARC,"Under FEHB law (U.S.C. 8904(b)), we cannot pay more for covered care than the amount Medicare would have allowed if the patient were enrolled in Medicare Part A and/or Medicare Part B.",,
N7,RARC,Alert: Processing of this claim/service has included consideration under Major Medical provisions.,,
N8,RARC,Crossover claim denied by previous payer and complete claim data not forwarded. Resubmit this claim to this payer to provide adequate data for adjudication.,,
N9,RARC,Adjustment represents the estimated amount a previous payer may pay.,,
N10,RARC,Adjustment based on the findings of a review organization/professional consult/manual adjudication/medical advisor/dental advisor/peer review.,,
N11,RARC,Denial reversed because of medical review.,,
N12,RARC,"Policy provides coverage supplemental to Medicare. As the member does not appear to be enrolled in the applicable part of Medicare, the member is responsible for payment of the portion of the charge that would have been covered by Medicare.",,
N13,RARC,Payment based on professional/technical component modifier(s).,,
N14,RARC,"Payment based on a contractual amount or agreement, fee schedule, or maximum allowable amount.",,
N15,RARC,Services for a newborn must be billed separately.,,
N16,RARC,Family/member Out-of-Pocket maximum has been met. Payment based on a higher percentage.,,
N17,RARC,Per admission deductible.,,
N18,RARC,Payment based on the Medicare allowed amount.,,
N19,RARC,Procedure code incidental to primary procedure.,,
N20,RARC,Service not payable with other service rendered on the same date.,,
N21,RARC,Alert: Your line item has been separated into multiple lines to expedite handling.,,
N22,RARC,Alert: This procedure code was added/changed because it more accurately describes the services rendered.,,
N23,RARC,Alert: Patient liability may be affected due to coordination of benefits with other carriers and/or maximum benefit provisions.,,
N24,RARC,Missing/incomplete/invalid Electronic Funds Transfer (EFT) banking information.,,
N25,RARC,This company has been contracted by your benefit plan to provide administrative claims payment services only. This company does not assume financial risk or obligation with respect to claims processed on behalf of your benefit plan.,,
N26,RARC,Missing itemized bill/statement.,,
N27,RARC,Missing/incomplete/invalid treatment number.,,
N28,RARC,Consent form requirements not fulfilled.,,
N29,RARC,Missing documentation/orders/notes/summary/report/chart.,,
N30,RARC,Patient ineligible for this service.,,
N31,RARC,Missing/incomplete/invalid prescribing provider identifier.,,
N32,RARC,Claim must be submitted by the provider who rendered the service.,,
N33,RARC,No record of health check prior to initiation of treatment.,,
N34,RARC,Incorrect claim form/format for this service.,,
N35,RARC,Program integrity/utilization review decision.,,
N36,RARC,Claim must meet primary payer's processing requirements before we can consider payment.,,
N37,RARC,Missing/incomplete/invalid tooth number/letter.,,
N38,RARC,Missing/incomplete/invalid place of service.,,
N39,RARC,Procedure code is not compatible with tooth number/letter.,,
N40,RARC,Missing radiology film(s)/image(s).,,
N41,RARC,Authorization request denied.,,
N42,RARC,Missing mental health assessment.,,
N43,RARC,Bed hold or leave days exceeded.,,
N44,RARC,"Payer's share of regulatory surcharges, assessments, allowances or health care-related taxes paid directly to the regulatory authority.",,
N45,RARC,Payment based on authorized amount.,,
N46,RARC,Missing/incomplete/invalid admission hour.,,
N47,RARC,Claim conflicts with another inpatient stay.,,
N48,RARC,Claim information does not agree with information received from other insurance carrier.,,
N49,RARC,Court ordered coverage information needs validation.,,
N50,RARC,Missing/incomplete/invalid discharge information.,,
N51,RARC,Electronic interchange agreement not on file for provider/submitter.,,
N52,RARC,Patient not enrolled in the billing provider's managed care plan on the date of service.,,
N53,RARC,Missing/incomplete/invalid point of pick-up address.,,
N54,RARC,Claim information is inconsistent with pre-certified/authorized services.,,
N55,RARC,Procedures for billing with group/referring/performing providers were not followed.,,
N56,RARC,Procedure code billed is not correct/valid for the services billed or the date of service billed.,,
N57,RARC,Missing/incomplete/invalid prescribing date.,,
N58,RARC,Missing/incomplete/invalid patient liability amount.,,
N59,RARC,Alert: Please refer to your provider manual for additional program and provider information.,,
N60,RARC,A valid NDC is required for payment of drug claims effective October 02.,,
N61,RARC,Rebill services on separate claims.,,
N62,RARC,Dates of service span multiple rate periods. Resubmit separate claims.,,
N63,RARC,Rebill services on separate claim lines.,,
N64,RARC,The 'from' and 'to' dates must be different.,,
N65,RARC,"Procedure code or procedure rate count cannot be determined, or was not on file, for the date of service/provider.",,
N66,RARC,Missing/incomplete/invalid documentation.,,
N67,RARC,"Professional provider services not paid separately. Included in facility payment under a demonstration project. Apply to that facility for payment, or resubmit your claim if: the facility notifies you the patient was excluded from this demonstration; or if you furnished these services in another location on the date of the patient's admission or discharge from a demonstration hospital. If services were furnished in a facility not involved in the demonstration on the same date the patient was discharged from or admitted to a demonstration facility, you must report the provider ID number for the non-demonstration facility on the new claim.",,
N68,RARC,Prior payment being cancelled as we were subsequently notified this patient was covered by a demonstration project in this site of service. Professional services were included in the payment made to the facility. You must contact the facility for your payment. Prior payment made to you by the patient or another insurer for this claim must be refunded to the payer within 30 days.,,
N69,RARC,Alert: PPS (Prospective Payment System) code changed by claims processing system.,,
N70,RARC,Consolidated billing and payment applies.,,
N71,RARC,"Your unassigned claim for a drug or biological, clinical diagnostic laboratory services or ambulance service was processed as an assigned claim. You are required by law to accept assignment for these types of claims.",,
N72,RARC,PPS (Prospective Payment System) code changed by medical reviewers. Not supported by clinical records.,,
N73,RARC,A Skilled Nursing Facility is responsible for payment of outside providers who furnish these services/supplies under arrangement to its residents.,,
N74,RARC,"Resubmit with multiple claims, each claim covering services provided in only one calendar month.",,
N75,RARC,Missing/incomplete/invalid tooth surface information.,,
N76,RARC,Missing/incomplete/invalid number of riders.,,
N77,RARC,Missing/incomplete/invalid designated provider number.,,
N78,RARC,The necessary components of the child and teen checkup (EPSDT) were not completed.,,
N79,RARC,Service billed is not compatible with patient location information.,,
N80,RARC,Missing/incomplete/invalid prenatal screening information.,,
N81,RARC,Procedure billed is not compatible with tooth surface code.,,
N82,RARC,Provider must accept insurance payment as payment in full when a third party payer contract specifies full reimbursement.,,
N83,RARC,No appeal rights. Adjudicative decision based on the provisions of a demonstration project.,,
N84,RARC,Alert: Further installment payments are forthcoming.,,
N85,RARC,Alert: This is the final installment payment.,,
N86,RARC,A failed trial of pelvic muscle exercise training is required in order for biofeedback training for the treatment of urinary incontinence to be covered.,,
N87,RARC,Home use of biofeedback therapy is not covered.,,
N88,RARC,"Alert: This payment is being made conditionally. An HHA episode of care notice has been filed for this patient. When a patient is treated under a HHA episode of care, consolidated billing requires that certain therapy services and supplies, such as this, be included in the HHA's payment. This payment will need to be recouped from you if we establish that the patient is concurrently receiving treatment under a HHA episode of care.",,
N89,RARC,"Alert: Payment information for this claim has been forwarded to more than one other payer, but format limitations permit only one of the secondary payers to be identified in this remittance advice.",,
N90,RARC,Covered only when performed by the attending physician.,,
N91,RARC,Services not included in the appeal review.,,
N92,RARC,This facility is not certified for digital mammography.,,
N93,RARC,A separate claim must be submitted for each place of service. Services furnished at multiple sites may not be billed in the same claim.,,
N94,RARC,Claim/Service denied because a more specific taxonomy code is required for adjudication.,,
N95,RARC,This provider type/provider specialty may not bill this service.,,
N96,RARC,"Patient must be refractory to conventional therapy (documented behavioral, pharmacologic and/or surgical corrective therapy) and be an appropriate surgical candidate such that implantation with anesthesia can occur.",,
N97,RARC,"Patients with stress incontinence, urinary obstruction, and specific neurologic diseases (e.g., diabetes with peripheral nerve involvement) which are associated with secondary manifestations of the above three indications are excluded.",,
N98,RARC,"Patient must have had a successful test stimulation in order to support subsequent implantation. Before a patient is eligible for permanent implantation, he/she must demonstrate a 50 percent or greater improvement through test stimulation. Improvement is measured through voiding diaries.",,
N99,RARC,Patient must be able to demonstrate adequate ability to record voiding diary data such that clinical results of the implant procedure can be properly evaluated.,,
N100,RARC,PPS (Prospect Payment System) code corrected during adjudication.,,
N101,RARC,Additional information is needed in order to process this claim. Please resubmit the claim with the identification number of the provider where this service took place. The Medicare number of the site of service provider should be preceded with the letters 'HSP' and entered into item #32 on the claim form. You may bill only one site of service provider number per claim.,,
N102,RARC,This claim has been denied without reviewing the medical/dental record because the requested records were not received or were not received timely.,,
N103,RARC,"Records indicate this patient was a prisoner or in custody of a Federal, State, or local authority when the service was rendered. This payer does not cover items and services furnished to an individual while he or she is in custody under a penal statute or rule, unless under State or local law, the individual is personally liable for the cost of his or her health care while in custody and the State or local government pursues the collection of such debt in the same way and with the same vigor as the collection of its other debts. The provider can collect from the Federal/State/ Local Authority as appropriate.",,
N104,RARC,This claim/service is not payable under our claims jurisdiction area. You can identify the correct Medicare contractor to process this claim/service through the CMS website at www.cms.gov.,,
N105,RARC,"This is a misdirected claim/service for an RRB beneficiary. Submit paper claims to the RRB carrier: Palmetto GBA, P.O. Box 10066, Augusta, GA 30999. Call 888-355-9165 for RRB EDI information for electronic claims processing.",,
N106,RARC,Payment for services furnished to Skilled Nursing Facility (SNF) inpatients (except for excluded services) can only be made to the SNF. You must request payment from the SNF rather than the patient for this service.,,
N107,RARC,Services furnished to Skilled Nursing Facility (SNF) inpatients must be billed on the inpatient claim. They cannot be billed separately as outpatient services.,,
N108,RARC,Missing/incomplete/invalid upgrade information.,,
N109,RARC,Alert: This claim/service was chosen for complex review.,,
N110,RARC,This facility is not certified for film mammography.,,
N111,RARC,No appeal right except duplicate claim/service issue. This service was included in a claim that has been previously billed and adjudicated.,,
N112,RARC,This claim is excluded from your electronic remittance advice.,,
N113,RARC,"Only one initial visit is covered per physician, group practice or provider.",,
N114,RARC,"During the transition to the Ambulance Fee Schedule, payment is based on the lesser of a blended amount calculated using a percentage of the reasonable charge/cost and fee schedule amounts, or the submitted charge for the service. You will be notified yearly what the percentages for the blended payment calculation will be.",,
N115,RARC,"This decision was based on a Local Coverage Determination (LCD). An LCD provides a guide to assist in determining whether a particular item or service is covered. A copy of this policy is available at www.cms.gov/mcd, or if you do not have web access, you may contact the contractor to request a copy of the LCD.",,
N116,RARC,"Alert: This payment is being made conditionally because the service was provided in the home, and it is possible that the patient is under a home health episode of care. When a patient is treated under a home health episode of care, consolidated billing requires that certain therapy services and supplies, such as this, be included in the home health agency's (HHA's) payment. This payment will need to be recouped from you if we establish that the patient is concurrently receiving treatment under an HHA episode of care.",,
N117,RARC,This service is paid only once in a patient's lifetime.,,
N118,RARC,This service is not paid if billed more than once every 28 days.,,
N119,RARC,"This service is not paid if billed once every 28 days, and the patient has spent 5 or more consecutive days in any inpatient or Skilled /nursing Facility (SNF) within those 28 days.",,
N120,RARC,Payment is subject to home health prospective payment system partial episode payment adjustment. Patient was transferred/discharged/readmitted during payment episode.,,
N121,RARC,Medicare Part B does not pay for items or services provided by this type of practitioner for beneficiaries in a Medicare Part A covered Skilled Nursing Facility (SNF) stay.,,
N122,RARC,Add-on code cannot be billed by itself.,,
N123,RARC,Alert: This is a split service and represents a portion of the units from the originally submitted service.,,
N124,RARC,"Payment has been denied for the/made only for a less extensive service/item because the information furnished does not substantiate the need for the (more extensive) service/item. The patient is liable for the charges for this service/item as you informed the patient in writing before the service/item was furnished that we would not pay for it, and the patient agreed to pay.",,
N125,RARC,"Payment has been (denied for the/made only for a less extensive) service/item because the information furnished does not substantiate the need for the (more extensive) service/item. If you have collected any amount from the patient, you must refund that amount to the patient within 30 days of receiving this notice. The requirements for a refund are in §1834(a)(18) of the Social Security Act (and in §§1834(j)(4) and 1879(h) by cross-reference to §1834(a)(18)). Section 1834(a)(18)(B) specifies that suppliers which knowingly and willfully fail to make appropriate refunds may be subject to civil money penalties and/or exclusion from the Medicare program. If you have any questions about this notice, please contact this office.",,
N126,RARC,Social Security Records indicate that this individual has been deported. This payer does not cover items and services furnished to individuals who have been deported.,,
N127,RARC,This is a misdirected claim/service for a United Mine Workers of America (UMWA) beneficiary. Please submit claims to them.,,
N128,RARC,This amount represents the prior to coverage portion of the allowance.,,
N129,RARC,Not eligible due to the patient's age.,,
N130,RARC,Consult plan benefit documents/guidelines for information about restrictions for this service.,,
N131,RARC,Total payments under multiple contracts cannot exceed the allowance for this service.,,
N132,RARC,Alert: Payments will cease for services rendered by this US Government debarred or excluded provider after the 30 day grace period as previously notified.,,
N133,RARC,Alert: Services for predetermination and services requesting payment are being processed separately.,,
N134,RARC,"Alert: This represents your scheduled payment for this service. If treatment has been discontinued, please contact Customer Service.",,
N135,RARC,Record fees are the patient's responsibility and limited to the specified co-payment.,,
N136,RARC,"Alert: To obtain information on the process to file an appeal in Arizona, call the Department's Consumer Assistance Office at (602) 912-8444 or (800) 325-2548.",,
N137,RARC,"Alert: The provider acting on the Member's behalf, may file an appeal with the Payer. The provider, acting on the Member's behalf, may file a complaint with the State Insurance Regulatory Authority without first filing an appeal, if the coverage decision involves an urgent condition for which care has not been rendered. The address may be obtained from the State Insurance Regulatory Authority.",,
N138,RARC,"Alert: In the event you disagree with the Dental Advisor's opinion and have additional information relative to the case, you may submit radiographs to the Dental Advisor Unit at the subscriber's dental insurance carrier for a second Independent Dental Advisor Review.",,
N139,RARC,"Alert: Under 32 CFR 199.13, a non-participating provider is not an appropriate appealing party. Therefore, if you disagree with the Dental Advisor's opinion, you may appeal the determination if appointed in writing, by the beneficiary, to act as his/her representative. Should you be appointed as a representative, submit a copy of this letter, a signed statement explaining the matter in which you disagree, and any radiographs and relevant information to the subscriber's Dental insurance carrier within 90 days from the date of this letter.",,
N140,RARC,"Alert: You have not been designated as an authorized OCONUS provider therefore are not considered an appropriate appealing party. If the beneficiary has appointed you, in writing, to act as his/her representative and you disagree with the Dental Advisor's opinion, you may appeal by submitting a copy of this letter, a signed statement explaining the matter in which you disagree, and any relevant information to the subscriber's Dental insurance carrier within 90 days from the date of this letter.",,
N141,RARC,The patient was not residing in a long-term care facility during all or part of the service dates billed.,,
N142,RARC,"The original claim was denied. Resubmit a new claim, not a replacement claim.",,
N143,RARC,The patient was not in a hospice program during all or part of the service dates billed.,,
N144,RARC,The rate changed during the dates of service billed.,,
N145,RARC,Missing/incomplete/invalid provider identifier for this place of service.,,
N146,RARC,Missing screening document.,,
N147,RARC,"Long term care case mix or per diem rate cannot be determined because the patient ID number is missing, incomplete, or invalid on the assignment request.",,
N148,RARC,Missing/incomplete/invalid date of last menstrual period.,,
N149,RARC,Rebill all applicable services on a single claim.,,
N150,RARC,Missing/incomplete/invalid model number.,,
N151,RARC,Telephone contact services will not be paid until the face-to-face contact requirement has been met.,,
N152,RARC,Missing/incomplete/invalid replacement claim information.,,
N153,RARC,Missing/incomplete/invalid room and board rate.,,
N154,RARC,Alert: This payment was delayed for correction of provider's mailing address.,,
N155,RARC,Alert: Our records do not indicate that other insurance is on file. Please submit other insurance information for our records.,,
N156,RARC,Alert: The patient is responsible for the difference between the approved treatment and the elective treatment.,,
N157,RARC,Transportation to/from this destination is not covered.,,
N158,RARC,Transportation in a vehicle other than an ambulance is not covered.,,
N159,RARC,Payment denied/reduced because mileage is not covered when the patient is not in the ambulance.,,
N160,RARC,The patient must choose an option before a payment can be made for this procedure/ equipment/ supply/ service.,,
N161,RARC,This drug/service/supply is covered only when the associated service is covered.,,
N162,RARC,"Alert: Although your claim was paid, you have billed for a test/specialty not included in your Laboratory Certification. Your failure to correct the laboratory certification information will result in a denial of payment in the near future.",,
N163,RARC,Medical record does not support code billed per the code definition.,,
N164,RARC,Transportation to/from this destination is not covered.,,
N165,RARC,Transportation in a vehicle other than an ambulance is not covered.,,
N166,RARC,Payment denied/reduced because mileage is not covered when the patient is not in the ambulance.,,
N167,RARC,Charges exceed the post-transplant coverage limit.,,
N168,RARC,The patient must choose an option before a payment can be made for this procedure/ equipment/ supply/ service.,,
N169,RARC,This drug/service/supply is covered only when the associated service is covered.,,
N170,RARC,A new/revised/renewed certificate of medical necessity is needed.,,
N171,RARC,Payment for repair or replacement is not covered or has exceeded the purchase price.,,
N172,RARC,The patient is not liable for the denied/adjusted charge(s) for receiving any updated service/item.,,
N173,RARC,No qualifying hospital stay dates were provided for this episode of care.,,
N174,RARC,"This is not a covered service/procedure/ equipment/bed, however patient liability is limited to amounts shown in the adjustments under group 'PR'.",,
N175,RARC,Missing review organization approval.,,
N176,RARC,"Services provided aboard a ship are covered only when the ship is of United States registry and is in United States waters. In addition, a doctor licensed to practice in the United States must provide the service.",,
N177,RARC,Alert: We did not send this claim to patient's other insurer. They have indicated no additional payment can be made.,,
N178,RARC,Missing pre-operative images/visual field results.,,
N179,RARC,Additional information has been requested from the member. The charges will be reconsidered upon receipt of that information.,,
N180,RARC,This item or service does not meet the criteria for the category under which it was billed.,,
N181,RARC,Additional information is required from another provider involved in this service.,,
N182,RARC,This claim/service must be billed according to the schedule for this plan.,,
N183,RARC,"Alert: This is a predetermination advisory message, when this service is submitted for payment additional documentation as specified in plan documents will be required to process benefits.",,
N184,RARC,Rebill technical and professional components separately.,,
N185,RARC,Alert: Do not resubmit this claim/service.,,
N186,RARC,Non-Availability Statement (NAS) required for this service. Contact the nearest Military Treatment Facility (MTF) for assistance.,,
N187,RARC,Alert: You may request a review in writing within the required time limits following receipt of this notice by following the instructions included in your contract or plan benefit documents.,,
N188,RARC,The approved level of care does not match the procedure code submitted.,,
N189,RARC,Alert: This service has been paid as a one-time exception to the plan's benefit restrictions.,,
N190,RARC,Missing contract indicator.,,
N191,RARC,The provider must update insurance information directly with payer.,,
N192,RARC,Alert: Patient is a Medicaid/Qualified Medicare Beneficiary.,,
N193,RARC,Alert: Specific federal/state/local program may cover this service through another payer.,,
N194,RARC,Technical component not paid if provider does not own the equipment used.,,
N195,RARC,The technical component must be billed separately.,,
N196,RARC,Alert: Patient eligible to apply for other coverage which may be primary.,,
N197,RARC,The subscriber must update insurance information directly with payer.,,
N198,RARC,Rendering provider must be affiliated with the pay-to provider.,,
N199,RARC,Additional payment/recoupment approved based on payer-initiated review/audit.,,
N200,RARC,The professional component must be billed separately.,,
N201,RARC,A mental health facility is responsible for payment of outside providers who furnish these services/supplies to residents.,,
N202,RARC,Alert: Additional information/explanation will be sent separately.,,
N203,RARC,Missing/incomplete/invalid anesthesia time/units.,,
N204,RARC,Services under review for possible pre-existing condition. Send medical records for prior 12 months,,
N205,RARC,Information provided was illegible.,,
N206,RARC,The supporting documentation does not match the information sent on the claim.,,
N207,RARC,Missing/incomplete/invalid weight.,,
N208,RARC,Missing/incomplete/invalid DRG code.,,
N209,RARC,Missing/incomplete/invalid taxpayer identification number (TIN).,,
N210,RARC,Alert: You may appeal this decision.,,
N211,RARC,Alert: You may not appeal this decision.,,
N212,RARC,Charges processed under a Point of Service benefit.,,
N213,RARC,Missing/incomplete/invalid facility/discrete unit DRG/DRG exempt status information.,,
N214,RARC,Missing/incomplete/invalid history of the related initial surgical procedure(s).,,
N215,RARC,Alert: A payer providing supplemental or secondary coverage shall not require a claims determination for this service from a primary payer as a condition of making its own claims determination.,,
N216,RARC,We do not offer coverage for this type of service or the patient is not enrolled in this portion of our benefit package.,,
N217,RARC,We pay only one site of service per provider per claim.,,
N218,RARC,You must furnish and service this item for as long as the patient continues to need it. We can pay for maintenance and/or servicing for the time period specified in the contract or coverage manual.,,
N219,RARC,Payment based on previous payer's allowed amount.,,
N220,RARC,Alert: See the payer's web site or contact the payer's Customer Service department to obtain forms and instructions for filing a provider dispute.,,
N221,RARC,Missing Admitting History and Physical report.,,
N222,RARC,Incomplete/invalid Admitting History and Physical report.,,
N223,RARC,Missing documentation of benefit to the patient during initial treatment period.,,
N224,RARC,Incomplete/invalid documentation of benefit to the patient during initial treatment period.,,
N225,RARC,Incomplete/invalid documentation/orders/notes/summary/report/chart.,,
N226,RARC,Incomplete/invalid American Diabetes Association Certificate of Recognition.,,
N227,RARC,Incomplete/invalid Certificate of Medical Necessity.,,
N228,RARC,Incomplete/invalid consent form.,,
N229,RARC,Incomplete/invalid contract indicator.,,
N230,RARC,Incomplete/invalid indication of whether the patient owns the equipment that requires the part or supply.,,
N231,RARC,"Incomplete/invalid invoice or statement certifying the actual cost of the lens, less discounts, and/or the type of intraocular lens used.",,
N232,RARC,Incomplete/invalid itemized bill/statement.,,
N233,RARC,Incomplete/invalid operative note/report.,,
N234,RARC,Incomplete/invalid oxygen certification/re-certification.,,
N235,RARC,Incomplete/invalid pacemaker registration form.,,
N236,RARC,Incomplete/invalid pathology report.,,
N237,RARC,Incomplete/invalid patient medical record for this service.,,
N238,RARC,Incomplete/invalid physician certified plan of care.,,
N239,RARC,Incomplete/invalid physician financial relationship form.,,
N240,RARC,Incomplete/invalid radiology report.,,
N241,RARC,Incomplete/invalid review organization approval.,,
N242,RARC,Incomplete/invalid radiology film(s)/image(s).,,
N243,RARC,Incomplete/invalid/not approved screening document.,,
N244,RARC,Incomplete/Invalid pre-operative images/visual field results.,,
N245,RARC,Incomplete/invalid plan information for other insurance.,,
N246,RARC,State regulated patient payment limitations apply to this service.,,
N247,RARC,Missing/incomplete/invalid assistant surgeon taxonomy.,,
N248,RARC,Missing/incomplete/invalid assistant surgeon name.,,
N249,RARC,Missing/incomplete/invalid assistant surgeon primary identifier.,,
N250,RARC,Missing/incomplete/invalid assistant surgeon secondary identifier.,,
N251,RARC,Missing/incomplete/invalid attending provider taxonomy.,,
N252,RARC,Missing/incomplete/invalid attending provider name.,,
N253,RARC,Missing/incomplete/invalid attending provider primary identifier.,,
N254,RARC,Missing/incomplete/invalid attending provider secondary identifier.,,
N255,RARC,Missing/incomplete/invalid billing provider taxonomy.,,
N256,RARC,Missing/incomplete/invalid billing provider/supplier name.,,
N257,RARC,Missing/incomplete/invalid billing provider/supplier primary identifier.,,
N258,RARC,Missing/incomplete/invalid billing provider/supplier address.,,
N259,RARC,Missing/incomplete/invalid billing provider/supplier secondary identifier.,,
N260,RARC,Missing/incomplete/invalid billing provider/supplier contact information.,,
N261,RARC,Missing/incomplete/invalid operating provider name.,,
N262,RARC,Missing/incomplete/invalid operating provider primary identifier.,,
N263,RARC,Missing/incomplete/invalid operating provider secondary identifier.,,
N264,RARC,Missing/incomplete/invalid ordering provider name.,,
N265,RARC,Missing/incomplete/invalid ordering provider primary identifier.,,
N266,RARC,Missing/incomplete/invalid ordering provider address.,,
N267,RARC,Missing/incomplete/invalid ordering provider secondary identifier.,,
N268,RARC,Missing/incomplete/invalid ordering provider contact information.,,
N269,RARC,Missing/incomplete/invalid other provider name.,,
N270,RARC,Missing/incomplete/invalid other provider primary identifier.,,
N271,RARC,Missing/incomplete/invalid other provider secondary identifier.,,
N272,RARC,Missing/incomplete/invalid other payer attending provider identifier.,,
N273,RARC,Missing/incomplete/invalid other payer operating provider identifier.,,
N274,RARC,Missing/incomplete/invalid other payer other provider identifier.,,
N275,RARC,Missing/incomplete/invalid other payer purchased service provider identifier.,,
N276,RARC,Missing/incomplete/invalid other payer referring provider identifier.,,
N277,RARC,Missing/incomplete/invalid other payer rendering provider identifier.,,
N278,RARC,Missing/incomplete/invalid other payer service facility provider identifier.,,
N279,RARC,Missing/incomplete/invalid pay-to provider name.,,
N280,RARC,Missing/incomplete/invalid pay-to provider primary identifier.,,
N281,RARC,Missing/incomplete/invalid pay-to provider address.,,
N282,RARC,Missing/incomplete/invalid pay-to provider secondary identifier.,,
N283,RARC,Missing/incomplete/invalid purchased service provider identifier.,,
N284,RARC,Missing/incomplete/invalid referring provider taxonomy.,,
N285,RARC,Missing/incomplete/invalid referring provider name.,,
N286,RARC,Missing/incomplete/invalid referring provider primary identifier.,,
N287,RARC,Missing/incomplete/invalid referring provider secondary identifier.,,
N288,RARC,Missing/incomplete/invalid rendering provider taxonomy.,,
N289,RARC,Missing/incomplete/invalid rendering provider name.,,
N290,RARC,Missing/incomplete/invalid rendering provider primary identifier.,,
N291,RARC,Missing/incomplete/invalid rendering provider secondary identifier.,,
N292,RARC,Missing/incomplete/invalid service facility name.,,
N293,RARC,Missing/incomplete/invalid service facility primary identifier.,,
N294,RARC,Missing/incomplete/invalid service facility primary address.,,
N295,RARC,Missing/incomplete/invalid service facility secondary identifier.,,
N296,RARC,Missing/incomplete/invalid supervising provider name.,,
N297,RARC,Missing/incomplete/invalid supervising provider primary identifier.,,
N298,RARC,Missing/incomplete/invalid supervising provider secondary identifier.,,
N299,RARC,Missing/incomplete/invalid occurrence date(s).,,
N300,RARC,Missing/incomplete/invalid occurrence span date(s).,,
N301,RARC,Missing/incomplete/invalid procedure date(s).,,
N302,RARC,Missing/incomplete/invalid other procedure date(s).,,
N303,RARC,Missing/incomplete/invalid principal procedure date.,,
N304,RARC,Missing/incomplete/invalid dispensed date.,,
N305,RARC,Missing/incomplete/invalid injury/accident date.,,
N306,RARC,Missing/incomplete/invalid acute manifestation date.,,
N307,RARC,Missing/incomplete/invalid adjudication or payment date.,,
N308,RARC,Missing/incomplete/invalid appliance placement date.,,
N309,RARC,Missing/incomplete/invalid assessment date.,,
N310,RARC,Missing/incomplete/invalid assumed or relinquished care date.,,
N311,RARC,Missing/incomplete/invalid authorized to return to work date.,,
N312,RARC,Missing/incomplete/invalid begin therapy date.,,
N313,RARC,Missing/incomplete/invalid certification revision date.,,
N314,RARC,Missing/incomplete/invalid diagnosis date.,,
N315,RARC,Missing/incomplete/invalid disability from date.,,
N316,RARC,Missing/incomplete/invalid disability to date.,,
N317,RARC,Missing/incomplete/invalid discharge hour.,,
N318,RARC,Missing/incomplete/invalid discharge or end of care date.,,
N319,RARC,Missing/incomplete/invalid hearing or vision prescription date.,,
N320,RARC,Missing/incomplete/invalid Home Health Certification Period.,,
N321,RARC,Missing/incomplete/invalid last admission period.,,
N322,RARC,Missing/incomplete/invalid last certification date.,,
N323,RARC,Missing/incomplete/invalid last contact date.,,
N324,RARC,Missing/incomplete/invalid last seen/visit date.,,
N325,RARC,Missing/incomplete/invalid last worked date.,,
N326,RARC,Missing/incomplete/invalid last x-ray date.,,
N327,RARC,Missing/incomplete/invalid other insured birth date.,,
N328,RARC,Missing/incomplete/invalid Oxygen Saturation Test date.,,
N329,RARC,Missing/incomplete/invalid patient birth date.,,
N330,RARC,Missing/incomplete/invalid patient death date.,,
N331,RARC,Missing/incomplete/invalid physician order date.,,
N332,RARC,Missing/incomplete/invalid prior hospital discharge date.,,
N333,RARC,Missing/incomplete/invalid prior placement date.,,
N334,RARC,Missing/incomplete/invalid re-evaluation date.,,
N335,RARC,Missing/incomplete/invalid referral date.,,
N336,RARC,Missing/incomplete/invalid replacement date.,,
N337,RARC,Missing/incomplete/invalid secondary diagnosis date.,,
N338,RARC,Missing/incomplete/invalid shipped date.,,
N339,RARC,Missing/incomplete/invalid similar illness or symptom date.,,
N340,RARC,Missing/incomplete/invalid subscriber birth date.,,
N341,RARC,Missing/incomplete/invalid surgery date.,,
N342,RARC,Missing/incomplete/invalid test performed date.,,
N343,RARC,Missing/incomplete/invalid Transcutaneous Electrical Nerve Stimulator (TENS) trial start date.,,
N344,RARC,Missing/incomplete/invalid Transcutaneous Electrical Nerve Stimulator (TENS) trial end date.,,
N345,RARC,Date range not valid with units submitted.,,
N346,RARC,Missing/incomplete/invalid oral cavity designation code.,,
N347,RARC,Your claim for a referred or purchased service cannot be paid because payment has already been made for this same service to another provider by a payment contractor representing the payer.,,
N348,RARC,You chose that this service/supply/drug would be rendered/supplied and billed by a different practitioner/supplier.,,
N349,RARC,The administration method and drug must be reported to adjudicate this service.,,
N350,RARC,Missing/incomplete/invalid description of service for a Not Otherwise Classified (NOC) code or for an Unlisted/By Report procedure.,,
N351,RARC,Service date outside of the approved treatment plan service dates.,,
N352,RARC,Alert: There are no scheduled payments for this service. Submit a claim for each patient visit.,,
N353,RARC,"Alert: Benefits have been estimated, when the actual services have been rendered, additional payment will be considered based on the submitted claim.",,
N354,RARC,Incomplete/invalid invoice.,,
N355,RARC,"Alert: The law permits exceptions to the refund requirement in two cases: - If you did not know, and could not have reasonably been expected to know, that we would not pay for this service; or - If you notified the patient in writing before providing the service that you believed that we were likely to deny the service, and the patient signed a statement agreeing to pay for the service. If you come within either exception, or if you believe the carrier was wrong in its determination that we do not pay for this service, you should request appeal of this determination within 30 days of the date of this notice. Your request for review should include any additional information necessary to support your position. If you request an appeal within 30 days of receiving this notice, you may delay refunding the amount to the patient until you receive the results of the review. If the review decision is favorable to you, you do not need to make any refund. If, however, the review is unfavorable, the law specifies that you must make the refund within 15 days of receiving the unfavorable review decision. The law also permits you to request an appeal at any time within 120 days of the date you receive this notice. However, an appeal request that is received more than 30 days after the date of this notice, does not permit you to delay making the refund. Regardless of when a review is requested, the patient will be notified that you have requested one, and will receive a copy of the determination. The patient has received a separate notice of this denial decision. The notice advises that he/she may be entitled to a refund of any amounts paid, if you should have known that we would not pay and did not tell him/her. It also instructs the patient to contact our office if he/she does not hear anything about a refund within 30 days",,
N356,RARC,"Not covered when performed with, or subsequent to, a non-covered service.",,
N357,RARC,Time frame requirements between this service/procedure/supply and a related service/procedure/supply have not been met.,,
N358,RARC,Alert: This decision may be reviewed if additional documentation as described in the contract or plan benefit documents is submitted.,,
N359,RARC,Missing/incomplete/invalid height.,,
N360,RARC,Alert: Coordination of benefits has not been calculated when estimating benefits for this pre-determination. Submit payment information from the primary payer with the secondary claim.,,
N361,RARC,Payment adjusted based on multiple diagnostic imaging procedure rules,,
N362,RARC,The number of Days or Units of Service exceeds our acceptable maximum.,,
N363,RARC,Alert: in the near future we are implementing new policies/procedures that would affect this determination.,,
N364,RARC,"Alert: According to our agreement, you must waive the deductible and/or coinsurance amounts.",,
N365,RARC,This procedure code is not payable. It is for reporting/information purposes only.,,
N366,RARC,Requested information not provided. The claim will be reopened if the information previously requested is submitted within one year after the date of this denial notice.,,
N367,RARC,"Alert: The claim information has been forwarded to a Consumer Spending Account processor for review; for example, flexible spending account or health savings account.",,
N368,RARC,You must appeal the determination of the previously adjudicated claim.,,
N369,RARC,"Alert: Although this claim has been processed, it is deficient according to state legislation/regulation.",,
N370,RARC,Billing exceeds the rental months covered/approved by the payer.,,
N371,RARC,Alert: title of this equipment must be transferred to the patient.,,
N372,RARC,Only reasonable and necessary maintenance/service charges are covered.,,
N373,RARC,"It has been determined that another payer paid the services as primary when they were not the primary payer. Therefore, we are refunding to the payer that paid as primary on your behalf.",,
N374,RARC,Primary Medicare Part A insurance has been exhausted and a Part B Remittance Advice is required.,,
N375,RARC,Missing/incomplete/invalid questionnaire/information required to determine dependent eligibility.,,
N376,RARC,"Subscriber/patient is assigned to active military duty, therefore primary coverage may be TRICARE.",,
N377,RARC,Payment based on a processed replacement claim.,,
N378,RARC,Missing/incomplete/invalid prescription quantity.,,
N379,RARC,Claim level information does not match line level information.,,
N380,RARC,"The original claim has been processed, submit a corrected claim.",,
N381,RARC,Alert: Consult our contractual agreement for restrictions/billing/payment information related to these charges.,,
N382,RARC,Missing/incomplete/invalid patient identifier.,,
N383,RARC,Not covered when deemed cosmetic.,,
N384,RARC,Records indicate that the referenced body part/tooth has been removed in a previous procedure.,,
N385,RARC,Notification of admission was not timely according to published plan procedures.,,
N386,RARC,This decision was based on a National Coverage Determination (NCD). An NCD provides a coverage determination as to whether a particular item or service is covered. Visit CMS.gov and search for Medicare Coverage Database to find a copy of the policy.,,
N387,RARC,Alert: Submit this claim to the patient's other insurer for potential payment of supplemental benefits. We did not forward the claim information.,,
N388,RARC,Missing/incomplete/invalid prescription number.,,
N389,RARC,Duplicate prescription number submitted.,,
N390,RARC,This service/report cannot be billed separately.,,
N391,RARC,Missing emergency department records.,,
N392,RARC,Incomplete/invalid emergency department records.,,
N393,RARC,Missing progress notes/report.,,
N394,RARC,Incomplete/invalid progress notes/report.,,
N395,RARC,Missing laboratory report.,,
N396,RARC,Incomplete/invalid laboratory report.,,
N397,RARC,Benefits are not available for incomplete service(s)/undelivered item(s).,,
N398,RARC,Missing elective consent form.,,
N399,RARC,Incomplete/invalid elective consent form.,,
N400,RARC,Alert: Electronically enabled providers should submit claims electronically.,,
N401,RARC,Missing periodontal charting.,,
N402,RARC,Incomplete/invalid periodontal charting.,,
N403,RARC,Missing facility certification.,,
N404,RARC,Incomplete/invalid facility certification.,,
N405,RARC,This service is only covered when the donor's insurer(s) do not provide coverage for the service.,,
N406,RARC,This service is only covered when the recipient's insurer(s) do not provide coverage for the service.,,
N407,RARC,You are not an approved submitter for this transmission format.,,
N408,RARC,This payer does not cover deductibles assessed by a previous payer.,,
N409,RARC,This service is related to an accidental injury and is not covered unless provided within a specific time frame from the date of the accident.,,
N410,RARC,Not covered unless the prescription changes.,,
N411,RARC,This service is allowed one time in a 6-month period.,,
N412,RARC,This service is allowed 2 times in a 12-month period.,,
N413,RARC,This service is allowed 2 times in a benefit year.,,
N414,RARC,This service is allowed 4 times in a 12-month period.,,
N415,RARC,This service is allowed 1 time in an 18-month period.,,
N416,RARC,This service is allowed 1 time in a 3-year period.,,
N417,RARC,This service is allowed 1 time in a 5-year period.,,
N418,RARC,Misrouted claim. See the payer's claim submission instructions.,,
N419,RARC,Claim payment was the result of a payer's retroactive adjustment due to a retroactive rate change.,,
N420,RARC,Claim payment was the result of a payer's retroactive adjustment due to a Coordination of Benefits or Third Party Liability Recovery.,,
N421,RARC,Claim payment was the result of a payer's retroactive adjustment due to a review organization decision.,,
N422,RARC,Claim payment was the result of a payer's retroactive adjustment due to a payer's contract incentive program.,,
N423,RARC,Claim payment was the result of a payer's retroactive adjustment due to a non standard program.,,
N424,RARC,Patient does not reside in the geographic area required for this type of payment.,,
N425,RARC,Statutorily excluded service(s).,,
N426,RARC,No coverage when self-administered.,,
N427,RARC,Payment for eyeglasses or contact lenses can be made only after cataract surgery.,,
N428,RARC,Not covered when performed in this place of service.,,
N429,RARC,Not covered when considered routine.,,
N430,RARC,Procedure code is inconsistent with the units billed.,,
N431,RARC,Not covered with this procedure.,,
N432,RARC,Alert: Adjustment based on a Recovery Audit.,,
N433,RARC,Resubmit this claim using only your National Provider Identifier (NPI).,,
N434,RARC,Missing/Incomplete/Invalid Present on Admission indicator.,,
N435,RARC,Exceeds number/frequency approved /allowed within time period without support documentation.,,
N436,RARC,The injury claim has not been accepted and a mandatory medical reimbursement has been made.,,
N437,RARC,"Alert: If the injury claim is accepted, these charges will be reconsidered.",,
N438,RARC,This jurisdiction only accepts paper claims.,,
N439,RARC,Missing anesthesia physical status report/indicators.,,
N440,RARC,Incomplete/invalid anesthesia physical status report/indicators.,,
N441,RARC,This missed/cancelled appointment is not covered.,,
N442,RARC,Payment based on an alternate fee schedule.,,
N443,RARC,Missing/incomplete/invalid total time or begin/end time.,,
N444,RARC,Alert: This facility has not filed the Election for High Cost Outlier form with the Division of Workers' Compensation.,,
N445,RARC,Missing document for actual cost or paid amount.,,
N446,RARC,Incomplete/invalid document for actual cost or paid amount.,,
N447,RARC,Payment is based on a generic equivalent as required documentation was not provided.,,
N448,RARC,This drug/service/supply is not included in the fee schedule or contracted/legislated fee arrangement.,,
N449,RARC,Payment based on a comparable drug/service/supply.,,
N450,RARC,Covered only when performed by the primary treating physician or the designee.,,
N451,RARC,Missing Admission Summary Report.,,
N452,RARC,Incomplete/invalid Admission Summary Report.,,
N453,RARC,Missing Consultation Report.,,
N454,RARC,Incomplete/invalid Consultation Report.,,
N455,RARC,Missing Physician Order.,,
N456,RARC,Incomplete/invalid Physician Order.,,
N457,RARC,Missing Diagnostic Report.,,
N458,RARC,Incomplete/invalid Diagnostic Report.,,
N459,RARC,Missing Discharge Summary.,,
N460,RARC,Incomplete/invalid Discharge Summary.,,
N461,RARC,Missing Nursing Notes.,,
N462,RARC,Incomplete/invalid Nursing Notes.,,
N463,RARC,Missing support data for claim.,,
N464,RARC,Incomplete/invalid support data for claim.,,
N465,RARC,Missing Physical Therapy Notes/Report.,,
N466,RARC,Incomplete/invalid Physical Therapy Notes/Report.,,
N467,RARC,Missing Tests and Analysis Report.,,
N468,RARC,Incomplete/invalid Report of Tests and Analysis Report.,,
N469,RARC,"Alert: Claim/Service(s) subject to appeal process, see section 935 of Medicare Prescription Drug, Improvement, and Modernization Act of 2003 (MMA).",,
N470,RARC,This payment will complete the mandatory medical reimbursement limit.,,
N471,RARC,Missing/incomplete/invalid HIPPS Rate Code.,,
N472,RARC,Payment for this service has been issued to another provider.,,
N473,RARC,Missing certification.,,
N474,RARC,Incomplete/invalid certification.,,
N475,RARC,Missing completed referral form.,,
N476,RARC,Incomplete/invalid completed referral form.,,
N477,RARC,Missing Dental Models.,,
N478,RARC,Incomplete/invalid Dental Models.,,
N479,RARC,Missing Explanation of Benefits (Coordination of Benefits or Medicare Secondary Payer).,,
N480,RARC,Incomplete/invalid Explanation of Benefits (Coordination of Benefits or Medicare Secondary Payer).,,
N481,RARC,Missing Models.,,
N482,RARC,Incomplete/invalid Models.,,
N483,RARC,Missing Periodontal Charts.,,
N484,RARC,Incomplete/invalid Periodontal Charts.,,
N485,RARC,Missing Physical Therapy Certification.,,
N486,RARC,Incomplete/invalid Physical Therapy Certification.,,
N487,RARC,Missing Prosthetics or Orthotics Certification.,,
N488,RARC,Incomplete/invalid Prosthetics or Orthotics Certification.,,
N489,RARC,Missing referral form.,,
N490,RARC,Incomplete/invalid referral form.,,
N491,RARC,Missing/Incomplete/Invalid Exclusionary Rider Condition.,,
N492,RARC,"Alert: A network provider may bill the member for this service if the member requested the service and agreed in writing, prior to receiving the service, to be financially responsible for the billed charge.",,
N493,RARC,Missing Doctor First Report of Injury.,,
N494,RARC,Incomplete/invalid Doctor First Report of Injury.,,
N495,RARC,Missing Supplemental Medical Report.,,
N496,RARC,Incomplete/invalid Supplemental Medical Report.,,
N497,RARC,Missing Medical Permanent Impairment or Disability Report.,,
N498,RARC,Incomplete/invalid Medical Permanent Impairment or Disability Report.,,
N499,RARC,Missing Medical Legal Report.,,
N500,RARC,Incomplete/invalid Medical Legal Report.,,
N501,RARC,Missing Vocational Report.,,
N502,RARC,Incomplete/invalid Vocational Report.,,
N503,RARC,Missing Work Status Report.,,
N504,RARC,Incomplete/invalid Work Status Report.,,
N505,RARC,Alert: This response includes only services that could be estimated in real-time. No estimate will be provided for the services that could not be estimated in real-time.,,
N506,RARC,Alert: This is an estimate of the member's liability based on the information available at the time the estimate was processed. Actual coverage and member liability amounts will be determined when the claim is processed. This is not a pre-authorization or a guarantee of payment.,,
N507,RARC,Plan distance requirements have not been met.,,
N508,RARC,Alert: This real-time claim adjudication response represents the member responsibility to the provider for services reported. The member will receive an Explanation of Benefits electronically or in the mail. Contact the insurer if there are any questions.,,
N509,RARC,Alert: A current inquiry shows the member's Consumer Spending Account contains sufficient funds to cover the member liability for this claim/service. Actual payment from the Consumer Spending Account will depend on the availability of funds and determination of eligible services at the time of payment processing.,,
N510,RARC,Alert: A current inquiry shows the member's Consumer Spending Account does not contain sufficient funds to cover the member's liability for this claim/service. Actual payment from the Consumer Spending Account will depend on the availability of funds and determination of eligible services at the time of payment processing.,,
N511,RARC,Alert: Information on the availability of Consumer Spending Account funds to cover the member liability on this claim/service is not available at this time.,,
N512,RARC,Alert: This is the initial remit of a non-NCPDP claim originally submitted real-time without change to the adjudication.,,
N513,RARC,Alert: This is the initial remit of a non-NCPDP claim originally submitted real-time with a change to the adjudication.,,
N514,RARC,Consult plan benefit documents/guidelines for information about restrictions for this service.,,
N515,RARC,Alert: Submit this claim to the patient's other insurer for potential payment of supplemental benefits. We did not forward the claim information. (use N387 instead),,
N516,RARC,Records indicate a mismatch between the submitted NPI and EIN.,,
N517,RARC,Resubmit a new claim with the requested information.,,
N518,RARC,No separate payment for accessories when furnished for use with oxygen equipment.,,
N519,RARC,Invalid combination of HCPCS modifiers.,,
N520,RARC,Alert: Payment made from a Consumer Spending Account.,,
N521,RARC,Mismatch between the submitted provider information and the provider information stored in our system.,,
N522,RARC,"Duplicate of a claim processed, or to be processed, as a crossover claim.",,
N523,RARC,The limitation on outlier payments defined by this payer for this service period has been met. The outlier payment otherwise applicable to this claim has not been paid.,,
N524,RARC,Based on policy this payment constitutes payment in full.,,
N525,RARC,These services are not covered when performed within the global period of another service.,,
N526,RARC,Not qualified for recovery based on employer size.,,
N527,RARC,We processed this claim as the primary payer prior to receiving the recovery demand.,,
N528,RARC,Patient is entitled to benefits for Institutional Services only.,,
N529,RARC,Patient is entitled to benefits for Professional Services only.,,
N530,RARC,Not Qualified for Recovery based on enrollment information.,,
N531,RARC,Not qualified for recovery based on direct payment of premium.,,
N532,RARC,Not qualified for recovery based on disability and working status.,,
N533,RARC,Services performed in an Indian Health Services facility under a self-insured tribal Group Health Plan.,,
N534,RARC,"This is an individual policy, the employer does not participate in plan sponsorship.",,
N535,RARC,Payment is adjusted when procedure is performed in this place of service based on the submitted procedure code and place of service.,,
N536,RARC,"We are not changing the prior payer's determination of patient responsibility, which you may collect, as this service is not covered by us.",,
N537,RARC,We have examined claims history and no records of the services have been found.,,
N538,RARC,A facility is responsible for payment to outside providers who furnish these services/supplies/drugs to its patients/residents.,,
N539,RARC,Alert: We processed appeals/waiver requests on your behalf and that request has been denied.,,
N540,RARC,Payment adjusted based on the interrupted stay policy.,,
N541,RARC,Mismatch between the submitted insurance type code and the information stored in our system.,,
N542,RARC,Missing income verification.,,
N543,RARC,Incomplete/invalid income verification.,,
N544,RARC,"Alert: Although this was paid, you have billed with a referring/ordering provider that does not match our system record. Unless corrected this will not be paid in the future.",,
N545,RARC,Payment reduced based on status as an unsuccessful eprescriber per the Electronic Prescribing (eRx) Incentive Program.,,
N546,RARC,Payment represents a previous reduction based on the Electronic Prescribing (eRx) Incentive Program.,,
N547,RARC,A refund request (Frequency Type Code 8) was processed previously.,,
N548,RARC,Alert: Patient's calendar year deductible has been met.,,
N549,RARC,Alert: Patient's calendar year out-of-pocket maximum has been met.,,
N550,RARC,Alert: You have not responded to requests to revalidate your provider/supplier enrollment information. Your failure to revalidate your enrollment information will result in a payment hold in the near future.,,
N551,RARC,Payment adjusted based on the Ambulatory Surgical Center (ASC) Quality Reporting Program.,,
N552,RARC,Payment adjusted to reverse a previous withhold/bonus amount.,,
N553,RARC,Payment adjusted based on a Low Income Subsidy (LIS) retroactive coverage or status change.,,
N554,RARC,Missing/Incomplete/Invalid Family Planning Indicator.,,
N555,RARC,Missing medication list.,,
N556,RARC,Incomplete/invalid medication list.,,
N557,RARC,This claim/service is not payable under our service area. The claim must be filed to the Payer/Plan in whose service area the specimen was collected.,,
N558,RARC,This claim/service is not payable under our service area. The claim must be filed to the Payer/Plan in whose service area the equipment was received.,,
N559,RARC,This claim/service is not payable under our service area. The claim must be filed to the Payer/Plan in whose service area the Ordering Physician is located.,,
N560,RARC,The pilot program requires an interim or final claim within 60 days of the Notice of Admission. A claim was not received.,,
N561,RARC,The bundled claim originally submitted for this episode of care includes related readmissions. You may resubmit the original claim to receive a corrected payment based on this readmission.,,
N562,RARC,The provider number of your incoming claim does not match the provider number on the processed Notice of Admission (NOA) for this bundled payment.,,
N563,RARC,Alert: Missing required provider/supplier issuance of advance patient notice of non-coverage. The patient is not liable for payment for this service.,,
N564,RARC,Patient did not meet the inclusion criteria for the demonstration project or pilot program.,,
N565,RARC,Alert: This non-payable reporting code requires a modifier. Future claims containing this non-payable reporting code must include an appropriate modifier for the claim to be processed.,,
N566,RARC,Alert: This procedure code requires functional reporting. Future claims containing this procedure code must include an applicable non-payable code and appropriate modifiers for the claim to be processed.,,
N567,RARC,Not covered when considered preventative.,,
N568,RARC,Alert: Initial payment based on the Notice of Admission (NOA) under the Bundled Payment Model IV initiative.,,
N569,RARC,Not covered when performed for the reported diagnosis.,,
N570,RARC,Missing/incomplete/invalid credentialing data.,,
N571,RARC,Alert: Payment will be issued quarterly by another payer/contractor.,,
N572,RARC,This procedure is not payable unless appropriate non-payable reporting codes and associated modifiers are submitted.,,
N573,RARC,Alert: You have been overpaid and must refund the overpayment. The refund will be requested separately by another payer/contractor.,,
N574,RARC,Our records indicate the ordering/referring provider is of a type/specialty that cannot order or refer. Please verify that the claim ordering/referring provider information is accurate or contact the ordering/referring provider.,,
N575,RARC,Mismatch between the submitted ordering/referring provider name and the ordering/referring provider name stored in our records.,,
N576,RARC,Services not related to the specific incident/claim/accident/loss being reported.,,
N577,RARC,Personal Injury Protection (PIP) Coverage.,,
N578,RARC,Coverages do not apply to this loss.,,
N579,RARC,Medical Payments Coverage (MPC).,,
N580,RARC,Determination based on the provisions of the insurance policy.,,
N581,RARC,Investigation of coverage eligibility is pending.,,
N582,RARC,Benefits suspended pending the patient's cooperation.,,
N583,RARC,"Patient was not an occupant of our insured vehicle and therefore, is not an eligible injured person.",,
N584,RARC,Not covered based on the insured's noncompliance with policy or statutory conditions.,,
N585,RARC,Benefits are no longer available based on a final injury settlement.,,
N586,RARC,The injured party does not qualify for benefits.,,
N587,RARC,Policy benefits have been exhausted.,,
N588,RARC,The patient has instructed that medical claims/bills are not to be paid.,,
N589,RARC,Coverage is excluded to any person injured as a result of operating a motor vehicle while in an intoxicated condition or while the ability to operate such a vehicle is impaired by the use of a drug.,,
N590,RARC,Missing independent medical exam detailing the cause of injuries sustained and medical necessity of services rendered.,,
N591,RARC,Payment based on an Independent Medical Examination (IME) or Utilization Review (UR).,,
N592,RARC,Adjusted because this is not the initial prescription or exceeds the amount allowed for the initial prescription.,,
N593,RARC,Not covered based on failure to attend a scheduled Independent Medical Exam (IME).,,
N594,RARC,Records reflect the injured party did not complete an Application for Benefits for this loss.,,
N595,RARC,Records reflect the injured party did not complete an Assignment of Benefits for this loss.,,
N596,RARC,Records reflect the injured party did not complete a Medical Authorization for this loss.,,
N597,RARC,Adjusted based on a medical/dental provider's apportionment of care between related injuries and other unrelated medical/dental conditions/injuries.,,
N598,RARC,Health care policy coverage is primary.,,
N599,RARC,"Our payment for this service is based upon a reasonable amount pursuant to both the terms and conditions of the policy of insurance under which the subject claim is being made as well as the Florida No-Fault Statute, which permits, when determining a reasonable charge for a service, an insurer to consider usual and customary charges and payments accepted by the provider, reimbursement levels in the community and various federal and state fee schedules applicable to automobile and other insurance coverages, and other information relevant to the reasonableness of the reimbursement for the service. The payment for this service is based upon 200% of the Participating Level of Medicare Part B fee schedule for the locale in which the services were rendered.",,
N600,RARC,Adjusted based on the applicable fee schedule for the region in which the service was rendered.,,
N601,RARC,"In accordance with Hawaii Administrative Rules, Title 16, Chapter 23 Motor Vehicle Insurance Law payment is recommended based on Medicare Resource Based Relative Value Scale System applicable to Hawaii.",,
N602,RARC,Adjusted based on the Redbook maximum allowance.,,
N603,RARC,This fee is calculated according to the New Jersey medical fee schedules for Automobile Personal Injury Protection and Motor Bus Medical Expense Insurance Coverage.,,
N604,RARC,"In accordance with New York No-Fault Law, Regulation 68, this base fee was calculated according to the New York Workers' Compensation Board Schedule of Medical Fees, pursuant to Regulation 83 and / or Appendix 17-C of 11 NYCRR.",,
N605,RARC,"This fee was calculated based upon New York All Patients Refined Diagnosis Related Groups (APR-DRG), pursuant to Regulation 68.",,
N606,RARC,The Oregon allowed amount for this procedure is based upon the Workers Compensation Fee Schedule (OAR 436-009). The allowed amount has been calculated in accordance with Section 4 of ORS 742.524.,,
N607,RARC,Service provided for non-compensable condition(s).,,
N608,RARC,"The fee schedule amount allowed is calculated at 110% of the Medicare Fee Schedule for this region, specialty and type of service. This fee is calculated in compliance with Act 6.",,
N609,RARC,80% of the provider's billed amount is being recommended for payment according to Act 6.,,
N610,RARC,Alert: Payment based on an appropriate level of care.,,
N611,RARC,Claim in litigation. Contact insurer for more information.,,
N612,RARC,Medical provider not authorized/certified to provide treatment to injured workers in this jurisdiction.,,
N613,RARC,"Alert: Although this was paid, you have billed with an ordering provider that needs to update their enrollment record. Please verify that the ordering provider information you submitted on the claim is accurate and if it is, contact the ordering provider instructing them to update their enrollment record. Unless corrected, a claim with this ordering provider will not be paid in the future.",,
N614,RARC,Alert: Additional information is included in the 835 Healthcare Policy Identification Segment (loop 2110 Service Payment Information).,,
N615,RARC,"Alert: This enrollee receiving advance payments of the premium tax credit is in the grace period of three consecutive months for non-payment of premium. Under 45 CFR 156.270, a Qualified Health Plan issuer must pay all appropriate claims for services rendered to the enrollee during the first month of the grace period and may pend claims for services rendered to the enrollee in the second and third months of the grace period.",,
N616,RARC,Alert: This enrollee is in the first month of the advance premium tax credit grace period.,,
N617,RARC,This enrollee is in the second or third month of the advance premium tax credit grace period.,,
N618,RARC,Alert: This claim will automatically be reprocessed if the enrollee pays their premiums.,,
N619,RARC,Coverage terminated for non-payment of premium.,,
N620,RARC,Alert: This procedure code is for quality reporting/informational purposes only.,,
N621,RARC,"Charges for Jurisdiction required forms, reports, or chart notes are not payable.",,
N622,RARC,Not covered based on the date of injury/accident.,,
N623,RARC,Not covered when deemed unscientific/unproven/outmoded/experimental/excessive/inappropriate.,,
N624,RARC,The associated Workers' Compensation claim has been withdrawn.,,
N625,RARC,Missing/Incomplete/Invalid Workers' Compensation Claim Number.,,
N626,RARC,New or established patient E/M codes are not payable with chiropractic care codes.,,
N627,RARC,Service not payable per managed care contract.,,
N628,RARC,Out-patient follow up visits on the same date of service as a scheduled test or treatment is disallowed.,,
N629,RARC,Reviews/documentation/notes/summaries/reports/charts not requested.,,
N630,RARC,Referral not authorized by attending physician.,,
N631,RARC,Medical Fee Schedule does not list this code. An allowance was made for a comparable service.,,
N632,RARC,According to the Official Medical Fee Schedule this service has a relative value of zero and therefore no payment is due.,,
N633,RARC,Additional anesthesia time units are not allowed.,,
N634,RARC,The allowance is calculated based on anesthesia time units.,,
N635,RARC,The Allowance is calculated based on the anesthesia base units plus time.,,
N636,RARC,Adjusted because this is reimbursable only once per injury.,,
N637,RARC,Consultations are not allowed once treatment has been rendered by the same provider.,,
N638,RARC,Reimbursement has been made according to the home health fee schedule.,,
N639,RARC,Reimbursement has been made according to the inpatient rehabilitation facilities fee schedule.,,
N640,RARC,Exceeds number/frequency approved/allowed within time period.,,
N641,RARC,Reimbursement has been based on the number of body areas rated.,,
N642,RARC,Adjusted when billed as individual tests instead of as a panel.,,
N643,RARC,The services billed are considered Not Covered or Non-Covered (NC) in the applicable state fee schedule.,,
N644,RARC,Reimbursement has been made according to the bilateral procedure rule.,,
N645,RARC,Mark-up allowance.,,
N646,RARC,Reimbursement has been adjusted based on the guidelines for an assistant.,,
N647,RARC,Adjusted based on diagnosis-related group (DRG).,,
N648,RARC,Adjusted based on Stop Loss.,,
N649,RARC,Payment based on invoice.,,
N650,RARC,This policy was not in effect for this date of loss. No coverage is available.,,
N651,RARC,No Personal Injury Protection/Medical Payments Coverage on the policy at the time of the loss.,,
N652,RARC,The date of service is before the date of loss.,,
N653,RARC,The date of injury does not match the reported date of loss.,,
N654,RARC,Adjusted based on achievement of maximum medical improvement (MMI).,,
N655,RARC,Payment based on provider's geographic region.,,
N656,RARC,An interest payment is being made because benefits are being paid outside the statutory requirement.,,
N657,RARC,This should be billed with the appropriate code for these services.,,
N658,RARC,The billed service(s) are not considered medical expenses.,,
N659,RARC,This item is exempt from sales tax.,,
N660,RARC,Sales tax has been included in the reimbursement.,,
N661,RARC,Documentation does not support that the services rendered were medically necessary.,,
N662,RARC,Alert: Consideration of payment will be made upon receipt of a final bill.,,
N663,RARC,Adjusted based on an agreed amount.,,
N664,RARC,Adjusted based on a legal settlement.,,
N665,RARC,Services by an unlicensed provider are not reimbursable.,,
N666,RARC,Only one evaluation and management code at this service level is covered during the course of care.,,
N667,RARC,Missing prescription.,,
N668,RARC,Incomplete/invalid prescription.,,
N669,RARC,Adjusted based on the Medicare fee schedule.,,
N670,RARC,This service code has been identified as the primary procedure code subject to the Medicare Multiple Procedure Payment Reduction (MPPR) rule.,,
N671,RARC,Payment based on a jurisdiction cost-charge ratio.,,
N672,RARC,Alert: Amount applied to Health Insurance Offset.,,
N673,RARC,Reimbursement has been calculated based on an outpatient per diem or an outpatient factor and/or fee schedule amount.,,
N674,RARC,Not covered unless a pre-requisite procedure/service has been provided.,,
N675,RARC,Additional information is required from the injured party.,,
N676,RARC,Service does not qualify for payment under the Outpatient Facility Fee Schedule.,,
N677,RARC,Alert: Films/Images will not be returned.,,
N678,RARC,Missing post-operative images/visual field results.,,
N679,RARC,Incomplete/Invalid post-operative images/visual field results.,,
N680,RARC,Missing/Incomplete/Invalid date of previous dental extractions.,,
N681,RARC,Missing/Incomplete/Invalid full arch series.,,
N682,RARC,Missing/Incomplete/Invalid history of prior periodontal therapy/maintenance.,,
N683,RARC,Missing/Incomplete/Invalid prior treatment documentation.,,
N684,RARC,Payment denied as this is a specialty claim submitted as a general claim.,,
N685,RARC,"Missing/Incomplete/Invalid Prosthesis, Crown or Inlay Code.",,
N686,RARC,Missing/incomplete/Invalid questionnaire needed to complete payment determination.,,
N687,RARC,Alert: This reversal is due to a retroactive disenrollment.,,
N688,RARC,Alert: This reversal is due to a medical or utilization review decision.,,
N689,RARC,Alert: This reversal is due to a retroactive rate change.,,
N690,RARC,Alert: This reversal is due to a provider submitted appeal.,,
N691,RARC,Alert: This reversal is due to a patient submitted appeal.,,
N692,RARC,Alert: This reversal is due to an incorrect rate on the initial adjudication.,,
N693,RARC,Alert: This reversal is due to a cancellation of the claim by the provider.,,
N694,RARC,Alert: This reversal is due to a resubmission/change to the claim by the provider.,,
N695,RARC,Alert: This reversal is due to incorrect patient financial responsibility information on the initial adjudication.,,
N696,RARC,Alert: This reversal is due to a Coordination of Benefits or Third Party Liability Recovery retroactive adjustment.,,
N697,RARC,Alert: This reversal is due to a payer's retroactive contract incentive program adjustment.,,
N698,RARC,"Alert: This reversal is due to non-payment of the health insurance premiums (Health Insurance Exchange or other) by the end of the premium payment grace period, resulting in loss of coverage.",,
N699,RARC,Payment adjusted based on the Physician Quality Reporting System (PQRS) Incentive Program.,,
N700,RARC,Payment adjusted based on the Electronic Health Records (EHR) Incentive Program.,,
N701,RARC,Payment adjusted based on the Value-based Payment Modifier.,,
N702,RARC,Decision based on review of previously adjudicated claims or for claims in process for the same/similar type of services.,,
N703,RARC,This service is incompatible with previously adjudicated claims or claims in process.,,
N704,RARC,Alert: You may not appeal this decision but can resubmit this claim/service with corrected information if warranted.,,
N705,RARC,Incomplete/invalid documentation.,,
N706,RARC,Missing documentation.,,
N707,RARC,Incomplete/invalid orders.,,
N708,RARC,Missing orders.,,
N709,RARC,Incomplete/invalid notes.,,
N710,RARC,Missing notes.,,
N711,RARC,Incomplete/invalid summary.,,
N712,RARC,Missing summary.,,
N713,RARC,Incomplete/invalid report.,,
N714,RARC,Missing report.,,
N715,RARC,Incomplete/invalid chart.,,
N716,RARC,Missing chart.,,
N717,RARC,Incomplete/Invalid documentation of face-to-face examination.,,
N718,RARC,Missing documentation of face-to-face examination.,,
N719,RARC,Penalty applied based on plan requirements not being met.,,
N720,RARC,Alert: The patient overpaid you. You may need to issue the patient a refund for the difference between the patient's payment and the amount shown as patient responsibility on this notice.,,
N721,RARC,This service is only covered when performed as part of a clinical trial.,,
N722,RARC,Patient must use Workers' Compensation Set-Aside (WCSA) funds to pay for the medical service or item.,,
N723,RARC,Patient must use Liability set-aside (LSA) funds to pay for the medical service or item.,,
N724,RARC,Patient must use No-Fault set-aside (NFSA) funds to pay for the medical service or item.,,
N725,RARC,A liability insurer has reported having ongoing responsibility for medical services (ORM) for this diagnosis.,,
N726,RARC,A conditional payment is not allowed.,,
N727,RARC,A no-fault insurer has reported having ongoing responsibility for medical services (ORM) for this diagnosis.,,
N728,RARC,A workers' compensation insurer has reported having ongoing responsibility for medical services (ORM) for this diagnosis.,,
N729,RARC,Missing patient medical/dental record for this service.,,
N730,RARC,Incomplete/invalid patient medical/dental record for this service.,,
N731,RARC,Incomplete/Invalid mental health assessment.,,
N732,RARC,Services performed at an unlicensed facility are not reimbursable.,,
N733,RARC,Regulatory surcharges are paid directly to the state.,,
N734,RARC,The patient is eligible for these medical services only when unable to work or perform normal activities due to an illness or injury.,,
N735,RARC,Adjustment without review of medical/dental record because the requested records were not received or were not received timely.,,
N736,RARC,Incomplete/invalid Sleep Study Report.,,
N737,RARC,Missing Sleep Study Report.,,
N738,RARC,Incomplete/invalid Vein Study Report.,,
N739,RARC,Missing Vein Study Report.,,
N740,RARC,The member's Consumer Spending Account does not contain sufficient funds to cover the member's liability for this claim/service.,,
N741,RARC,This is a site neutral payment.,,
N742,RARC,"Alert: This claim was processed based on one or more ICD-9 codes. The transition to ICD-10 is required by October 1, 2015, for health care providers, health plans, and clearinghouses. More information can be found at http://www.cms.gov/Medicare/Coding/ICD10/ProviderResources.html",,
N743,RARC,Adjusted because the services may be related to an employment accident.,,
N744,RARC,Adjusted because the services may be related to an auto/other accident.,,
N745,RARC,Missing Ambulance Report.,,
N746,RARC,Incomplete/invalid Ambulance Report.,,
N747,RARC,This is a misdirected claim/service. Submit the claim to the payer/plan where the patient resides.,,
N748,RARC,Adjusted because the related hospital charges have not been received.,,
N749,RARC,Missing Blood Gas Report.,,
N750,RARC,Incomplete/invalid Blood Gas Report.,,
N751,RARC,Adjusted because the patient is covered under a Medicare Part D plan.,,
N752,RARC,Missing/incomplete/invalid HIPPS Treatment Authorization Code (TAC).,,
N753,RARC,Missing/incomplete/invalid Attachment Control Number.,,
N754,RARC,Missing/incomplete/invalid Referring Provider or Other Source Qualifier on the 1500 Claim Form.,,
N755,RARC,Missing/incomplete/invalid ICD Indicator.,,
N756,RARC,Missing/incomplete/invalid point of drop-off address.,,
N757,RARC,Adjusted based on the Federal Indian Fees schedule (MLR).,,
N758,RARC,Adjusted based on the prior authorization decision.,,
N759,RARC,Payment adjusted based on the National Electrical Manufacturers Association (NEMA) Standard XR-29-2013.,,
N760,RARC,This facility is not authorized to receive payment for the service(s).,,
N761,RARC,This provider is not authorized to receive payment for the service(s).,,
N762,RARC,This facility is not certified for Tomosynthesis (3-D) mammography.,,
N763,RARC,The demonstration code is not appropriate for this claim; resubmit without a demonstration code.,,
N764,RARC,Missing/incomplete/invalid Hematocrit (HCT) value.,,
N765,RARC,This payer does not cover coinsurance assessed by a previous payer.,,
N766,RARC,This payer does not cover co-payment assessed by a previous payer.,,
N767,RARC,The Medicaid state requires provider to be enrolled in the member's Medicaid state program prior to any claim benefits being processed.,,
N768,RARC,Incomplete/invalid initial evaluation report.,,
N769,RARC,A lateral diagnosis is required.,,
N770,RARC,The adjustment request received from the provider has been processed. Your original claim has been adjusted based on the information received.,,
N771,RARC,Alert: Under Federal law you cannot charge more than the limiting charge amount.,,
N772,RARC,Alert: Rebill urgent/emergent and ancillary services separately.,,
N773,RARC,Drug supplied not obtained from specialty vendor.,,
N774,RARC,Alert: Refer to your Third Party Processor Agreement for specific information on fees associated with this payment type.,,
N775,RARC,Payment adjusted based on x-ray radiograph on film.,,
N776,RARC,This service is not a covered Telehealth service.,,
N777,RARC,Missing Assignment of Benefits Indicator.,,
N778,RARC,Missing Primary Care Physician Information.,,
N779,RARC,Replacement/Void claims cannot be submitted until the original claim has finalized. Please resubmit once payment or denial is received.,,
N780,RARC,Missing/incomplete/invalid end therapy date.,,
N781,RARC,Alert: Patient is a Medicaid/ Qualified Medicare Beneficiary. Review your records for any wrongfully collected deductible. This amount may be billed to a subsequent payer.,,
N782,RARC,Alert: Patient is a Medicaid/ Qualified Medicare Beneficiary. Review your records for any wrongfully collected coinsurance. This amount may be billed to a subsequent payer.,,
N783,RARC,Alert: Patient is a Medicaid/ Qualified Medicare Beneficiary. Review your records for any wrongfully collected copayment. This amount may be billed to a subsequent payer.,,
N784,RARC,Missing comprehensive procedure code.,,
N785,RARC,Missing current radiology film/images.,,
N786,RARC,Benefit limitation for the orthodontic active and/or retention phase of treatment.,,
N787,RARC,"Alert: Under 42 CFR 410.43, an eligible Partial Hospitalization Program (PHP) patient/beneficiary requires a minimum of 20 hours of PHP services per week, as evidenced in the plan of care. PHP services must be furnished in accordance with the plan of care.",,
N788,RARC,Alert: The third-party administrator/review organization did not receive the required information.,,
N789,RARC,Clinical Trial is not a covered benefit.,,
N790,RARC,Provider/supplier not accredited for product/service.,,
N791,RARC,Missing history & physical report.,,
N792,RARC,Incomplete/invalid history & physical report.,,
N793,RARC,"Alert: Starting January 1, 2020, Medicare will ONLY accept claims submitted with the Medicare Beneficiary Identifier (MBI). Medicare will reject any claims submitted with the Health Insurance Claim Number (HICN) with a few exceptions. Please see www.cms.gov/Medicare/New-Medicare-Card/index.html for more information.",,
N794,RARC,Payment adjusted based on type of technology used.,,
N795,RARC,Item must be resubmitted as a purchase.,,
N796,RARC,Missing/incomplete/invalid Hemoglobin (Hb or Hgb) value.,,
N797,RARC,Missing/incomplete/invalid date qualifier.,,
N798,RARC,Submit a void request for the original claim and resubmit a new claim.,,
N799,RARC,"Submitted identifier must be an individual identifier, not group identifier.",,
N800,RARC,Only one service date is allowed per claim.,,
N801,RARC,"Services performed in a Medicare participating or CAH facility under a self-insured tribal Group Health Plan, in accordance with Federal Regulation 42 CFR 136.",,
N802,RARC,This claim/service is not payable under our service area. The claim must be filed to the Payer/Plan in whose service area the Rendering Physician is located.,,
N803,RARC,Submission of the claim for the service rendered is the responsibility of the Contracted Medical Group or Hospital.,,
N804,RARC,Alert: The claim/service was processed through the Outpatient Code Editor (OCE).,,
N805,RARC,Alert: The claim/service was processed through the Correct Code Editor (CCE).,,
N806,RARC,Payment is included in the Global transplant allowance.,,
N807,RARC,Payment adjustment based on the Merit-based Incentive Payment System (MIPS).,,
N808,RARC,Not covered for this provider type / provider specialty.,,
N809,RARC,"Alert: The fee schedule amount for this service was adjusted based on prior competitive bidding rates. For more information, contact your local contractor.",,
N810,RARC,"Alert: Due to federal, state or local disaster declaration, this claim has been processed at the in-network level of benefit. At the conclusion or expiration of the disaster declaration, network payment rules will be reinstated.",,
N811,RARC,Missing Federal Sequestration Reduction from Prior Payer.,,
N812,RARC,The start service date through end service date cannot span greater than 18 months.,,
N815,RARC,Missing/Incomplete/Invalid NDC Unit Count,,
N816,RARC,Missing/Incomplete/Invalid NDC Unit of Measure,,
N817,RARC,"Alert: Applicable laboratories are required to collect and report private payor data and report that data to CMS between January 1, 2020 - March 31, 2020.",,
N818,RARC,Claims Dates of Service do not match Electronic Visit Verification System.,,
N819,RARC,Patient not enrolled in Electronic Visit Verification System.,,
N820,RARC,Electronic Visit Verification System units do not meet requirements of visit.,,
N821,RARC,Electronic Visit Verification System visit not found.,,
N822,RARC,Missing procedure modifier(s).,,
N823,RARC,Incomplete/Invalid procedure modifier(s).,,
N824,RARC,Electronic Visit Verification (EVV) data must be submitted through EVV Vendor.,,
N825,RARC,Early intervention guidelines were not met.,,
N826,RARC,Patient did not meet the inclusion criteria for the Medicare Shared Savings Program.,,
N827,RARC,Missing/Incomplete/Invalid Federal Information Processing Standard (FIPS) Code.,,
N828,RARC,Alert: Payment is suppressed due to a contracted funding.,,
N829,RARC,Missing/incomplete/invalid Diagnostics Exchange Z-Code Identifier.,,
N830,RARC,"Alert: The charge[s] for this service was processed in accordance with Federal/ State, Balance Billing/ No Surprise Billing regulations. As such, any amount identified with OA, CO, or PI cannot be collected from the member and may be considered provider liability or be billable to a subsequent payer. Any amount the provider collected over the identified PR amount must be refunded to the patient within applicable Federal/State timeframes. Payment amounts are eligible for dispute pursuant to any Federal/State documented appeal/grievance process(es).",,
N831,RARC,You have not responded to requests to revalidate your provider/supplier enrollment information.,,
N832,RARC,Duplicate occurrence code/occurrence span code.,,
N833,RARC,Patient share of cost waived.,,
N834,RARC,Jurisdiction exempt from sales and health tax charges.,,
N835,RARC,Unrelated Service/procedure/treatment is reduced. The balance of this charge is the patient's responsibility.,,
N836,RARC,Provider W9 or Payee Registration not on file.,,
N837,RARC,Alert: Missing modifier was added.,,
N838,RARC,"Alert: Service/procedure postponed due to a federal, state, or local mandate/disaster declaration. Any amounts applied to deductible or member liability will be applied to the prior plan year from which the procedure was cancelled.",,
N839,RARC,The procedure code was added/changed because the level of service exceeds the compensable condition(s).,,
N840,RARC,Worker's compensation claim filed with a different state.,,
N841,RARC,Alert: North Dakota Administrative Rule 92-01-02-50.3.,,
N842,RARC,Alert: Patient cannot be billed for charges.,,
N843,RARC,Missing/incomplete/invalid Core-Based Statistical Area (CBSA) code.,,
N844,RARC,"This claim, or a portion of this claim, was processed in accordance with the Nebraska Legislative LB997 July 24, 2020 - Out of Network Emergency Medical Care Act.",,
N845,RARC,"Alert: Nebraska Legislative LB997 July 24, 2020 - Out of Network Emergency Medical Care Act.",,
N846,RARC,National Drug Code (NDC) supplied does not correspond to the HCPCs/CPT billed.,,
N847,RARC,National Drug Code (NDC) billed is obsolete.,,
N848,RARC,National Drug Code (NDC) billed cannot be associated with a product.,,
N849,RARC,Missing Tooth Clause: Tooth missing prior to the member effective date.,,
N850,RARC,Missing/incomplete/invalid narrative explaining/describing this service/treatment.,,
N851,RARC,Payment reduced because services were furnished by a therapy assistant.,,
N852,RARC,The pay-to and rendering provider tax identification numbers (TINs) do not match,,
N853,RARC,The number of modalities performed per session exceeds our acceptable maximum.,,
N854,RARC,"Alert: If you have primary other health insurance (OHI) coverage that has denied services, you must exhaust all appeal levels with your primary OHI before we can consider your claim for reimbursement.",,
N855,RARC,"This coverage is subject to the exclusive jurisdiction of ERISA (1974), U.S.C. SEC 1001.",,
N856,RARC,"This coverage is not subject to the exclusive jurisdiction of ERISA (1974), U.S.C. SEC 1001.",,
N857,RARC,This claim has been adjusted/reversed. Refund any collected copayment to the member.,,
N858,RARC,Alert: State regulations relating to an Out of Network Medical Emergency Care Act were applied to the processing of this claim. Payment amounts are eligible for dispute following the state's documented appeal/ grievance/ arbitration process.,,
N859,RARC,Alert: The Federal No Surprise Billing Act was applied to the processing of this claim. Payment amounts are eligible for dispute pursuant to any Federal documented appeal/ grievance/ dispute resolution process(es).,,
N860,RARC,Alert: The Federal No Surprise Billing Act Qualified Payment Amount (QPA) was used to calculate the member cost share(s).,,
N861,RARC,Alert: Mismatch between the submitted Patient Liability/Share of Cost and the amount on record for this recipient.,,
N862,RARC,"Alert: Member cost share is in compliance with the No Surprises Act, and is calculated using the lesser of the QPA or billed charge.",,
N863,RARC,"Alert: This claim is subject to the No Surprises Act (NSA). The amount paid is the final out-of-network rate and was calculated based on an All Payer Model Agreement, in accordance with the NSA.",,
N864,RARC,Alert: This claim is subject to the No Surprises Act provisions that apply to emergency services.,,
N865,RARC,Alert: This claim is subject to the No Surprises Act provisions that apply to nonemergency services furnished by nonparticipating providers during a patient visit to a participating facility.,,
N866,RARC,Alert: This claim is subject to the No Surprises Act provisions that apply to services furnished by nonparticipating providers of air ambulance services.,,
N867,RARC,"Alert: Cost sharing was calculated based on a specified state law, in accordance with the No Surprises Act.",,
N868,RARC,"Alert: Cost sharing was calculated based on an All-Payer Model Agreement, in accordance with the No Surprises Act.",,
N869,RARC,"Alert: Cost sharing was calculated based on the qualifying payment amount, in accordance with the No Surprises Act.",,
N870,RARC,"Alert: In accordance with the No Surprises Act, cost sharing was based on the billed amount because the billed amount was lower than the qualifying payment amount.",,
N871,RARC,"Alert: This initial payment was calculated based on a specified state law, in accordance with the No Surprises Act.",,
N872,RARC,"Alert: This final payment was calculated based on a specified state law, in accordance with the No Surprises Act.",,
N873,RARC,"Alert: This final payment was calculated based on an All-Payer Model Agreement, in accordance with the No Surprises Act.",,
N874,RARC,"Alert: This final payment was determined through open negotiation, in accordance with the No Surprises Act.",,
N875,RARC,"Alert: This final payment equals the amount selected as the out-of-network rate by a Federal Independent Dispute Resolution Entity, in accordance with the No Surprises Act.",,
N876,RARC,Alert: This item or service is covered under the plan. This is a notice of denial of payment provided in accordance with the No Surprises Act. The provider or facility may initiate open negotiation if they desire to negotiate a higher out-of-network rate than the amount paid by the patient in cost sharing.,,
N877,RARC,Alert: This initial payment is provided in accordance with the No Surprises Act. The provider or facility may initiate open negotiation if they desire to negotiate a higher out-of-network rate.,,
N878,RARC,"Alert: The provider or facility specified that notice was provided and consent to balance bill obtained, but notice and consent was not provided and obtained in a manner consistent with applicable Federal law. Thus, cost sharing and the total amount paid have been calculated based on the requirements under the No Surprises Act, and balance billing is prohibited.",,
N879,RARC,"Alert: The notice and consent to balance bill, and to be charged out-of-network cost sharing, that was obtained from the patient with regard to the billed services, is not permitted for these services. Thus, cost sharing and the total amount paid have been calculated based on the requirements under the No Surprises Act, and balance billing is prohibited.",,
N880,RARC,Original claim closed due to changes in submitted data. Adjustment claim will be processed under a new claim number.,,
N881,RARC,"Client Obligation, patient responsibility for Home & Community Based Services (HCBS)",,
N882,RARC,Alert:Alert: The out-of-network payment and cost sharing amounts were based on the plan's allowance because the provider or facility obtained the patient's consent to waive the balance billing protections under the No Surprises Act.,,
N883,RARC,Alert: Processed according to state law,,
N884,RARC,Alert: The No Surprises Act may apply to this claim. Please contact payer for instructions on how to submit information regarding whether or not the item or service was furnished during a patient visit to a participating facility.,,
N885,RARC,Alert: This claim was not processed in accordance with the No Surprises Act cost-sharing or out-of-network payment requirements. The payer disagrees with your determination that those requirements apply. You may contact the payer to find out why it disagrees. You may appeal this adverse determination on behalf of the patient through the payer's internal appeals and external review processes.,,
N886,RARC,Alert: A Health Care Claim Request for Additional Information (277 RFAI) has been sent.,,
N887,RARC,"Providers not participating in the Medicare Advantage Plan have the right to appeal if the plan has partially or fully denied payment or if the provider believes the plan has not paid the services at the expected Medicare reimbursable rate or type of level/service. Providers may file their appeal in writing within 60 calendar days after the date of the remittance advice. For the plan to review the appeal, the plan will need a completed signed Waiver of Liability Statement. To obtain a Waiver of Liability form, please contact your Medicare Advantage Plan. Once we receive the completed forms, we will give you a decision on your appeal within 60 calendar days.",,
N888,RARC,Alert: An electronic request for additional information has been sent for this claim.,,
N889,RARC,"Alert: This claim was originally processed in real-time, and we sent a real-time 835 response.",,
N890,RARC,Electronic Visit Verification Data Element Requirements were not met.,,
N891,RARC,The maximum allowable payment for this service/procedure was paid by the primary insurance. No further payment due.,,
N892,RARC,The claim does not meet the criteria for acceptable use of the Delay Reason Code.,,
N893,RARC,Missing/incomplete/invalid child medical evaluation form/checklist.,,
N894,RARC,"Alert: These payments are made subject to a reservation of rights for the Payor to recoup or otherwise recover all or part of these payments based on any of the following: outcome of pending or future litigation/ new or updated state, federal or regulatory guidance/ any other actions that may affect the Payor's obligation to make these payments.",,
N895,RARC,Processed based on a negotiated fee schedule for a specialty drug program.,,
N896,RARC,Missing/incomplete/invalid trauma activation sheet.,,
N897,RARC,Missing/incomplete/invalid proof of member payment.,,
N898,RARC,Missing/incomplete/invalid Resource Utilization Group(s) (RUG) code(s).,,
N899,RARC,Missing Initial Evaluation Report.,,
N900,RARC,Missing Therapy Notes/Report.,,
N901,RARC,Incomplete/Invalid Therapy Notes/Report.,,
N902,RARC,Missing Health Risk Assessment (HRA).,,
N903,RARC,Incomplete/Invalid Health Risk Assessment (HRA).,,
N904,RARC,The transportation vendor is responsible for this claim.,,
N905,RARC,"Our records show you have opted out of Medicare, agreeing with the patient not to bill Medicare for services/tests/supplies furnished. As result, we cannot pay this claim. The patient is not responsible for payment.",,
N906,RARC,Service is not covered when patient is under age 45.,,
N907,RARC,No refund because this claim has been identified as 340B-eligible with a ceiling price lower than the maximum fair price.,,
N908,RARC,No refund because this drug has been prospectively purchased at the maximum fair price.,,
N909,RARC,Refund amount has been calculated using a methodology that differs from the Standard Default Refund Amount calculation ((Wholesale Acquisition Cost minus Maximum Fair Price) times Quantity).,,
N910,RARC,A refund cannot be provided for this claim at this time. Contact the manufacturer directly regarding your eligibility.,,
N911,RARC,This claim cannot be reimbursed by the manufacturer until the Part D plan submits corrected prescription drug event data to CMS for maximum fair price validation.,,
N912,RARC,Our records indicate that this beneficiary did not elect hospice.,,
N913,RARC,More than one Electronic Visit Verification record exists for the date and time of this service.,,
N914,RARC,This claim was priced and processed in accordance with California AB-72 Health care coverage.,,
N915,RARC,Predetermination of services is not allowed under the member's plan.,,
N916,RARC,"The third party will render payment to the provider, and they will reimburse you for covered services.",,
N917,RARC,Alternative refund amount has been calculated because the maximum fair price is below the 340B ceiling price.,,
N918,RARC,No refund because CMS excludes prescription drug event records when a compound code indicates it is for a compounded drug.,,
N919,RARC,Family/member out-of-pocket maximum has been met.,,
N920,RARC,Payment to the provider has been placed on hold as a result of active contract (re)negotiation.,,
N921,RARC,The time limit for filing a reconsideration or appeal has expired.,,
N922,RARC,Missing primary care dentist information.,,